Show Number,Air Date,Round,Category,Question,Answer,Value_Clean
4698,2005-01-26,Double Jeopardy!,19th CENTURY LITERARY QUOTES,"Charles Dickens called him ""tightfisted... hard and sharp as flint""",(Ebenezer) Scrooge,400
4698,2005-01-26,Double Jeopardy!,19th CENTURY LITERARY QUOTES,"1852 U.S. novel with the line ""Eliza made her desperate retreat across the river just in the dusk of twilight""",Uncle Tom's Cabin,1000
4698,2005-01-26,Double Jeopardy!,19th CENTURY LITERARY QUOTES,"This vessel under Captain Nemo was ""cigar in shape"" with ""two hulls, one inside, the other outside""",the Nautilus,1200
4698,2005-01-26,Double Jeopardy!,19th CENTURY LITERARY QUOTES,"Poe wrote that this title maiden ""lived with no other thought than to love and be loved by me""",Annabelle Lee,1600
4698,2005-01-26,Double Jeopardy!,19th CENTURY LITERARY QUOTES,"He spent 14 years in ""the gigantic structure of the Chateau d'If""--A fortress off Marseilles",Edmond Dantes (The Count of Monte Cristo),2000
4698,2005-01-26,Double Jeopardy!,I'M GETTING SPACED OUT!,"The name of this kind of celestial body comes from the Greek for ""wearing long hair""; guess that refers to its tail",a comet,400
4698,2005-01-26,Double Jeopardy!,I'M GETTING SPACED OUT!,"From a Latin word for ""attendant"", it can be a celestial body that orbits a planet or a manmade object that orbits earth",satellite,800
4698,2005-01-26,Double Jeopardy!,I'M GETTING SPACED OUT!,It was big science news in 1998 when a fourth ring was discovered around this gigantic planet,Jupiter,1200
4698,2005-01-26,Double Jeopardy!,I'M GETTING SPACED OUT!,This zodiac constellation appears to be pouring water on the sculptor constellation below it,Aquarius,1600
4698,2005-01-26,Double Jeopardy!,I'M GETTING SPACED OUT!,"If we were on Mars, the atmosphere would be incredibly thin, consisting mainly of this gas",carbon dioxide,2000
4698,2005-01-26,Double Jeopardy!,RADIO DISNEY TOP 30,"On the Sept. 2, 2004 Top 30, she was No. 3, 4, 11, 13, 14  & 16; No. 3 was a duet with her sister Haylie",Hilary Duff,400
4698,2005-01-26,Double Jeopardy!,RADIO DISNEY TOP 30,"In 2004, ""Breakaway"" broke onto the chart for this first winner of ""American Idol""",Kelly Clarkson,800
4698,2005-01-26,Double Jeopardy!,RADIO DISNEY TOP 30,"Lindsay Lohan charted with this song & starred in the movie ""Confessions of a Teenage"" one",Drama Queen,1200
4698,2005-01-26,Double Jeopardy!,RADIO DISNEY TOP 30,"""Ocean Avenue"" washed onto the Top 30 for this band, whose name is an official warning in soccer",Yellow Card,1600
4698,2005-01-26,Double Jeopardy!,RADIO DISNEY TOP 30,"It's not ""Complicated""; this Canadian rocked the House of Mouse with ""My Happy Ending""",Avril Lavigne,2000
4698,2005-01-26,Double Jeopardy!,RELIGIOUS PLACES,"At Fatima, the travelers seen <a href=""http://www.j-archive.com/media/2005-01-26_DJ_06.jpg"" target=""_blank"">here</a> are called by the same name as these figures of early U.S. history",pilgrims,400
4698,2005-01-26,Double Jeopardy!,RELIGIOUS PLACES,In England the Walsingham one in Norfolk is less well known than the Westminster one,abbey,800
4698,2005-01-26,Double Jeopardy!,RELIGIOUS PLACES,"(<a href=""http://www.j-archive.com/media/2005-01-26_DJ_17.jpg"" target=""_blank"">Cheryl of the Clue Crew reports from ruins in Delos, Greece.</a>)  Greek temples were generally built so as to face this daily event",the sunrise,1200
4698,2005-01-26,Double Jeopardy!,RELIGIOUS PLACES,"Adult Muslims are required to travel at least once to this city, birthplace of Muhammad",Mecca,1600
4698,2005-01-26,Double Jeopardy!,RELIGIOUS PLACES,"The city of Varanasi, which devout Hindus believe has always existed, is on this river",the Ganges,2000
4698,2005-01-26,Double Jeopardy!,WORD & PHRASE ORIGINS,"The name of this manual computing device is from the Greek abax, or ""counting board""",abacus,400
4698,2005-01-26,Double Jeopardy!,WORD & PHRASE ORIGINS,"""Mum's the word"" dates back to his ""Henry IV, Part 2"": ""Seal up your lips and give no words, but--mum""",Shakespeare,800
4698,2005-01-26,Double Jeopardy!,WORD & PHRASE ORIGINS,"This verb comes from an Old English word for ""tremble""; you might do it during a temblor",quake,1200
4698,2005-01-26,Double Jeopardy!,WORD & PHRASE ORIGINS,"""Meaningless chatter"" in medieval French, it's now the specialized vocabulary of a profession",jargon,1600
4698,2005-01-26,Double Jeopardy!,WORD & PHRASE ORIGINS,"The concept ""an eye for an eye"" didn't originate in the Bible, but in this Babylonian King's ""Code""",Hammurabi,2000
4698,2005-01-26,Double Jeopardy!,YOU'VE GOT COMPANY,"In 1995 this ""M'm M'm Good"" soup company bought Pace Foods, known for its picante sauce",Campbell's,400
4698,2005-01-26,Double Jeopardy!,YOU'VE GOT COMPANY,This company introduced its popular peanut butter cup in the 1920s,Reese's,800
4698,2005-01-26,Double Jeopardy!,YOU'VE GOT COMPANY,"With this company's Mindstorms kits you can build things like ""Star Wars"" droids",Lego,1200
4698,2005-01-26,Double Jeopardy!,YOU'VE GOT COMPANY,This Donkey Kong company introduced its home video game console in Japan in 1983,Nintendo,1600
4698,2005-01-26,Double Jeopardy!,YOU'VE GOT COMPANY,You might feel the earth move under your feet using products from this company whose stock symbol is CAT,Caterpillar,2000
4698,2005-01-26,Final Jeopardy!,LANDMARKS,"Located SE of Charlottesville, Virginia, it has 3 stories, an octagonal dome & 33 rooms of varying shapes",Monticello,None
4698,2005-01-26,Jeopardy!,"""SAT""s","The name of this fabric can precede flower, glass or stitch",satin,200
4698,2005-01-26,Jeopardy!,"""SAT""s",This kind of fat is found in butter & can raise cholesterol levels,saturated,400
4698,2005-01-26,Jeopardy!,"""SAT""s","""Gulliver's Travels"" is this type of work that exposes human foolishness & corruption",satire,600
4698,2005-01-26,Jeopardy!,"""SAT""s",It's a small bag,a satchel,800
4698,2005-01-26,Jeopardy!,"""SAT""s","""Curiosity killed the cat but"" this ""brought it back""",satisfaction,1000
4698,2005-01-26,Jeopardy!,AT THE ART MUSEUM,The Metropolitan Museum of Art allows still photography but you must shoot without using this,a flash,200
4698,2005-01-26,Jeopardy!,AT THE ART MUSEUM,"As well as an establishment that sells art, it can be one room or area in a museum",a gallery,400
4698,2005-01-26,Jeopardy!,AT THE ART MUSEUM,You may have antiques in your house; the Louvre has this similar but longer word for ancient relics,antiquities,600
4698,2005-01-26,Jeopardy!,AT THE ART MUSEUM,"If you liked the exhibition, stop by the museum shop to buy this book about it, from the Greek for ""to list""",the catalog,800
4698,2005-01-26,Jeopardy!,AT THE ART MUSEUM,The museum with the world's largest Van Gogh collection is in this European city,Amsterdam,1000
4698,2005-01-26,Jeopardy!,BIRTHSTONES,"This April birthstone is ""a girl's best friend""",diamond,200
4698,2005-01-26,Jeopardy!,BIRTHSTONES,"You'll always looked ""cultured"" in the cultured type of this June birthstone",a pearl,400
4698,2005-01-26,Jeopardy!,BIRTHSTONES,"Princess Stephanie of Monaco was born to the purple, so it's fitting that this is her birthstone",the amethyst,600
4698,2005-01-26,Jeopardy!,BIRTHSTONES,You'll rarely see a flaw in this sea-colored gem that's a birthstone for March,aquamarine,800
4698,2005-01-26,Jeopardy!,BIRTHSTONES,It may surprise you that Montana is a good place to find this blue September birthstone,the sapphire,1000
4698,2005-01-26,Jeopardy!,PARTYING LIKE IT WAS 1999,"J.K. Rowling held us ""captive"" in book lines when this third Harry Potter novel came out in 1999",The Prisoner of Azkaban,200
4698,2005-01-26,Jeopardy!,PARTYING LIKE IT WAS 1999,"On Dec. 31, 1999 this country took control of a waterway that connects the Atlantic & Pacific oceans",Panama,400
4698,2005-01-26,Jeopardy!,PARTYING LIKE IT WAS 1999,"In 1999, this anti-apartheid activist retired as president of South Africa",Nelson Mandela,600
4698,2005-01-26,Jeopardy!,PARTYING LIKE IT WAS 1999,"On Feb. 7, 1999, Abdullah II became king of this Arab nation, bounded on the west by Israel",Jordan,800
4698,2005-01-26,Jeopardy!,PARTYING LIKE IT WAS 1999,"Born James Janos, he entered the body politic in '99 as governor of Minnesota",(Jesse) Ventura,1000
4698,2005-01-26,Jeopardy!,STATE THE COLLEGE TEAM,"Gators, Seminoles",Florida,200
4698,2005-01-26,Jeopardy!,STATE THE COLLEGE TEAM,"Longhorns,  Aggies",Texas,400
4698,2005-01-26,Jeopardy!,STATE THE COLLEGE TEAM,"Wildcats, Sun Devils",Arizona,600
4698,2005-01-26,Jeopardy!,STATE THE COLLEGE TEAM,"Black Knights, Orangemen",New York,800
4698,2005-01-26,Jeopardy!,STATE THE COLLEGE TEAM,"Indians, Razorbacks",Arkansas,1000
4698,2005-01-26,Jeopardy!,TEENS AT WORK,"At 14, this fairy tale author worked for a director of the Royal Theater in Copenhagen",Hans Christian Andersen,200
4698,2005-01-26,Jeopardy!,TEENS AT WORK,"At 16, Tracy Austin beat Chris Evert to win this tennis tournament at Flushing Meadows",U.S. Open,400
4698,2005-01-26,Jeopardy!,TEENS AT WORK,"In the 1720s at age 16, this statesman & inventor wrote popular articles for the New England Courant newspaper",Benjamin Franklin,600
4698,2005-01-26,Jeopardy!,TEENS AT WORK,"At 13, this march composer became an apprentice with the U.S. Marine Band",John Philip Sousa,800
4698,2005-01-26,Jeopardy!,TEENS AT WORK,"At 16, Cornelius Vanderbilt started a ferry service between Staten Island & this famous 31-square-mile-island",Manhattan,1000
4699,2005-01-27,Double Jeopardy!,CONSTITUTIONAL AMENDMENTS,"Of particular interest to the NRA is the amendment that allows us ""to keep & bear"" these",arms,400
4699,2005-01-27,Double Jeopardy!,CONSTITUTIONAL AMENDMENTS,"The 13th Amendment, which abolished slavery, was ratified in this year",1865,1200
4699,2005-01-27,Double Jeopardy!,CONSTITUTIONAL AMENDMENTS,"The 24th Amendment says you don't have to pay this type of tax, or any other in order to vote",poll,1600
4699,2005-01-27,Double Jeopardy!,CONSTITUTIONAL AMENDMENTS,"Decade when the 27th & last amendment, having to do with pay raises in Congress, took effect",the 1990s,2000
4699,2005-01-27,Double Jeopardy!,CONSTITUTIONAL AMENDMENTS,"Under the 5th Amendment, 1 of the 3 things that no person shall be deprived of ""without due process of law""",life (or liberty or property),6000
4699,2005-01-27,Double Jeopardy!,FINE DINING,A Vacherin dessert features this crisp concoction of beaten egg whites & sugar,meringue,400
4699,2005-01-27,Double Jeopardy!,FINE DINING,NYC sushi chef Masa Takayama has paid more than $120 a pound for this fish--a bit pricier than Star-Kist's,tuna,800
4699,2005-01-27,Double Jeopardy!,FINE DINING,This word for a French stew is pronounced the same as a pasta sauce brand,ragout,1200
4699,2005-01-27,Double Jeopardy!,FINE DINING,"A company at Union Wharf in Portland ships all kinds of seafood, but is called ""Maine"" this creature ""Direct""",Lobster,1600
4699,2005-01-27,Double Jeopardy!,FINE DINING,"En croute, as in salmon en croute, is French for ""in"" this, also found on toast",crust,2000
4699,2005-01-27,Double Jeopardy!,IN THE DICTIONARY,"This math term comes from the Latin frangere, ""to break""",fraction,400
4699,2005-01-27,Double Jeopardy!,IN THE DICTIONARY,"This synonym for ""room"" can precede music & maid",chamber,800
4699,2005-01-27,Double Jeopardy!,IN THE DICTIONARY,This cutting implement has the same name as a type of dive & a kind of trailer-truck accident,a jackknife,800
4699,2005-01-27,Double Jeopardy!,IN THE DICTIONARY,"The name of this 6-pointed star comes from the Greek for ""six"" & ""letter""",a hexagram,1200
4699,2005-01-27,Double Jeopardy!,IN THE DICTIONARY,"The name of this African equine comes from the Portuguese for ""wild ass""",a zebra,1600
4699,2005-01-27,Double Jeopardy!,LOW CUT GENES,"Because they develop from a single ovum, this variety of twins has the same genetic makeup",identical,400
4699,2005-01-27,Double Jeopardy!,LOW CUT GENES,"Genes that affect hereditary traits are called alleles & are either ""dominant"" or this",recessive,800
4699,2005-01-27,Double Jeopardy!,LOW CUT GENES,Since the 1980s this hormone used by diabetics has been produced by genetically engineered bacteria,insulin,1200
4699,2005-01-27,Double Jeopardy!,LOW CUT GENES,A pair of chromosomes with this 2-letter designation makes a woman a woman,XX,1600
4699,2005-01-27,Double Jeopardy!,LOW CUT GENES,"Named for a German neuropathologist, this memory loss disease may be caused by a gene on chromosome 21",Alzheimer's disease,2000
4699,2005-01-27,Double Jeopardy!,SPORTS OF THE FEMALE OLYMPIANS,"Mia Hamm, Brandi Chastain & their 9 teammates on the field",soccer,400
4699,2005-01-27,Double Jeopardy!,SPORTS OF THE FEMALE OLYMPIANS,"Sheryl Swoopes, Lisa Leslie & their 3 teammates on the floor",basketball,800
4699,2005-01-27,Double Jeopardy!,SPORTS OF THE FEMALE OLYMPIANS,Misty May & Kerri Walsh,beach volleyball,1200
4699,2005-01-27,Double Jeopardy!,SPORTS OF THE FEMALE OLYMPIANS,"Mohini Bhardwaj, Courtney Kupets & their 4 teammates",gymnastics,1600
4699,2005-01-27,Double Jeopardy!,SPORTS OF THE FEMALE OLYMPIANS,"Lisa Fernandez, Jennie Finch & their 7 teammates on the field",softball,2000
4699,2005-01-27,Double Jeopardy!,TAKE OUT,It's the common operation to remove 2 small oval masses of tissue at the back of the mouth,a tonsillectomy,400
4699,2005-01-27,Double Jeopardy!,TAKE OUT,A rhytidectomy removes these surgically; botox takes them out another way,wrinkles,800
4699,2005-01-27,Double Jeopardy!,TAKE OUT,A lobectomy removes one of the 5 lobes of the lungs; a lobotomy takes out part of this organ,the brain,1200
4699,2005-01-27,Double Jeopardy!,TAKE OUT,A keratotomy is an incision of this eye part; a keratectomy removes part of it,the cornea,1600
4699,2005-01-27,Double Jeopardy!,TAKE OUT,The embolus removed from an artery in an embolectomy is usually one of these obstructions,a (blood) clot,2000
4699,2005-01-27,Final Jeopardy!,MOUNTAINS,"To trek through its Khumbu Icefall, Lhotse Face & South Col, your team needs a $70,000 permit from Nepal's government",Mount Everest,None
4699,2005-01-27,Jeopardy!,BRIGHT IDEAS,Edwin Budding adapted a rotary shearer used to remove excess fibers from carpets into this outdoor tool,the lawnmower,200
4699,2005-01-27,Jeopardy!,BRIGHT IDEAS,"In 1948 scientists at Bristol-Meyers ""buffered"" this medicine for the first time",aspirin,400
4699,2005-01-27,Jeopardy!,BRIGHT IDEAS,Lawrence Sperry used the gyroscope his dad developed in this device that keeps planes on course without human aid,autopilot,600
4699,2005-01-27,Jeopardy!,BRIGHT IDEAS,In 1882 Schuyler Wheeler put a propellor on the shaft of an electric motor & created this--how cool!,a fan,800
4699,2005-01-27,Jeopardy!,BRIGHT IDEAS,"James Fergason invented this type of ""display"" that found an early use in calculators",LCD (or Liquid Crystal Display),1000
4699,2005-01-27,Jeopardy!,FIRST NAME'S THE SAME,"Cash, Depp",Johnny,200
4699,2005-01-27,Jeopardy!,FIRST NAME'S THE SAME,"Bakula, Wolf",Scott,400
4699,2005-01-27,Jeopardy!,FIRST NAME'S THE SAME,"Carey, Bledsoe",Drew,600
4699,2005-01-27,Jeopardy!,FIRST NAME'S THE SAME,"Lillard, Modine",Matthew,800
4699,2005-01-27,Jeopardy!,FIRST NAME'S THE SAME,"Connelly, Garner, Holliday",Jennifer,1000
4699,2005-01-27,Jeopardy!,NOVELS,"The 1719 1st edition told of him ""having been cast on shore by shipwreck, wherein all... men perished but himself""",Robinson Crusoe,200
4699,2005-01-27,Jeopardy!,NOVELS,"Even the epilogue is lengthy in this 1869 Tolstoy epic; it comes out in 2 parts &, in our copy, is 105 pages long",War and Peace,400
4699,2005-01-27,Jeopardy!,NOVELS,This 1939 Steinbeck novel helped publicize the plight of Dust Bowl refugees,The Grapes of Wrath,600
4699,2005-01-27,Jeopardy!,NOVELS,"Chapter 10 of this 1960 novel begins, ""Atticus was feeble: he was nearly fifty""",To Kill a Mockingbird,800
4699,2005-01-27,Jeopardy!,NOVELS,"Published in 1949, this futuristic tale is set in Oceania, a few years before you were born",1984,1000
4699,2005-01-27,Jeopardy!,RHYME TIME,An intelligent beginning,a smart start,200
4699,2005-01-27,Jeopardy!,RHYME TIME,A more obese baseball slugger,a fatter batter,400
4699,2005-01-27,Jeopardy!,RHYME TIME,A wealthy sorceress,a rich witch,600
4699,2005-01-27,Jeopardy!,RHYME TIME,Written text of a movie about an underground burial chamber,a crypt script,800
4699,2005-01-27,Jeopardy!,RHYME TIME,"Voraciously eat an ""all-purpose"" baking ingredient",devour flour,1000
4699,2005-01-27,Jeopardy!,TEENS IN HISTORY,In 1468 this teen was recognized as heiress to the throne of Castile,Queen Isabella,200
4699,2005-01-27,Jeopardy!,TEENS IN HISTORY,She was a teenage farm girl when she beat the famous marksman Frank Butler in an 1870s shooting match,Annie Oakley,400
4699,2005-01-27,Jeopardy!,TEENS IN HISTORY,"Betrothed as a teen to her creepy cousin in 1744, she later became a ""Great"" empress of Russia",Catherine the Great,800
4699,2005-01-27,Jeopardy!,TEENS IN HISTORY,In the 1850s this future sculptor failed the Ecole des Beaux-Arts entrance exam 3 times (think about it),Rodin,1000
4699,2005-01-27,Jeopardy!,TEENS IN HISTORY,"Apprenticed to a British shipowner as a teen in the 1740s, he became one of the great explorers of the Pacific",Captain Cook,1000
4699,2005-01-27,Jeopardy!,U.S. GEOGRAPHY,"Of Hawaii's 8 main islands, this one receives the lion's share of the tourist dollars",Oahu,200
4699,2005-01-27,Jeopardy!,U.S. GEOGRAPHY,"When the Russians owned Alaska, they referred to this tall peak as Bolshaya Gora",Mt. McKinley,400
4699,2005-01-27,Jeopardy!,U.S. GEOGRAPHY,"This river begins in Colorado & empties into the Gulf of Mexico near Brownsville, Texas",Rio Grande,600
4699,2005-01-27,Jeopardy!,U.S. GEOGRAPHY,Florida's panhandle borders these 2 states,Alabama and Georgia,800
4699,2005-01-27,Jeopardy!,U.S. GEOGRAPHY,This large lake on the New York-Vermont border is Vermont's lowest point,Lake Champlain,1000
4700,2005-01-28,Double Jeopardy!,FAMOUS AMERICANS,It was the pen name of beloved children's author Theodor Geisel,Dr. Seuss,400
4700,2005-01-28,Double Jeopardy!,FAMOUS AMERICANS,In 1844 he succeeded Joseph Smith as leader of the Mormon Church,Brigham Young,800
4700,2005-01-28,Double Jeopardy!,FAMOUS AMERICANS,"(<a href=""http://www.j-archive.com/media/2005-01-28_DJ_14.jpg"" target=""_blank"">Jimmy of the Clue Crew wearing goggles and parka stands before majestic mountains in the Sierra National Forest.</a>)  The forested area behind me is named for this nature photographer and conservationist",Ansel Adams,1200
4700,2005-01-28,Double Jeopardy!,FAMOUS AMERICANS,"At the 1855 World's Fair in Paris, one of his sewing machines won first prize",Singer,1600
4700,2005-01-28,Double Jeopardy!,FAMOUS AMERICANS,"He's the explorer seen <a href=""http://www.j-archive.com/media/2005-01-28_DJ_16.jpg"" target=""_blank"">here</a> with a couple of his pals in 1909",Admiral Peary,2000
4700,2005-01-28,Double Jeopardy!,GREEK MYTHOLOGY,The Judgement of Paris refers to the picking of a winner in one of these contests,a beauty contest,400
4700,2005-01-28,Double Jeopardy!,GREEK MYTHOLOGY,"Ioalus, the son of Iphicles & Automedusa, helped this man, his uncle, with his labors",Hercules,800
4700,2005-01-28,Double Jeopardy!,GREEK MYTHOLOGY,Like father like son--Cronus deposed his father Uranus & this god deposed his father Cronus,Zeus,1200
4700,2005-01-28,Double Jeopardy!,GREEK MYTHOLOGY,"Athena gave Perseus one of these to use as a mirror against Medusa &, reflecting back, it was a good thing",a shield,1600
4700,2005-01-28,Double Jeopardy!,GREEK MYTHOLOGY,"With a name from the Greek for ""form"", he appeared to people in their dreams",Morpheus,2000
4700,2005-01-28,Double Jeopardy!,LONG WORDS,"In 1923 Lts. Macready & Kelly made the first nonstop flight of this 16-letter type, Long Island to San Diego",transcontinental,400
4700,2005-01-28,Double Jeopardy!,LONG WORDS,"(<a href=""http://www.j-archive.com/media/2005-01-28_DJ_23.jpg"" target=""_blank"">Sarah of the Clue Crew writes the names of the seven dwarfs on a blackboard.</a>)  It's the re-ordering procedure that I'm implementing",alphabetizing,800
4700,2005-01-28,Double Jeopardy!,LONG WORDS,"Adjective for an act done without meaning to; legally, it's a type of manslaughter",involuntary,1200
4700,2005-01-28,Double Jeopardy!,LONG WORDS,"This adjective from the Latin for ""to boil"" is used of a bubbly liquid or person",effervescent,1600
4700,2005-01-28,Double Jeopardy!,LONG WORDS,"Among bodily noises, hiccup & burp are this type of word that imitates sound",an onomatopoeia,2000
4700,2005-01-28,Double Jeopardy!,THE EVOLUTIONARY WAR,"In 1995 Alabama Gov. James Mocked evolution theory by imitating this type of animal whose name means ""to imitate""",an ape,400
4700,2005-01-28,Double Jeopardy!,THE EVOLUTIONARY WAR,"<a href=""http://www.j-archive.com/media/2005-01-28_DJ_07.mp3"">""Thus, from the war of nature, from famine and death, the most exalted object... the production of the higher animals, directly follows.""</a>  That was the final paragraph of a famous work by this man",(Charles) Darwin,800
4700,2005-01-28,Double Jeopardy!,THE EVOLUTIONARY WAR,Orderly people are bothered by the idea of thse random changes in genetic material helping evolution along,mutations,1000
4700,2005-01-28,Double Jeopardy!,THE EVOLUTIONARY WAR,He surprised many in 1996 when he told the Pontifical Academy of Science that evolution was no mere hypothesis,Pope John Paul II,1200
4700,2005-01-28,Double Jeopardy!,THE EVOLUTIONARY WAR,"A 1981 Arkansas law called for balanced teaching of evolution & this opposite type of ""science""",creationism,2000
4700,2005-01-28,Double Jeopardy!,WHEN THEY WERE TEENS,"This TV ""Friend"" was a cheerleader at Mountain Brook High School in Alabama",Courteney Cox,400
4700,2005-01-28,Double Jeopardy!,WHEN THEY WERE TEENS,This daughter of Francis Ford Coppola was an intern for fashion designer Karl Lagerfeld in Paris,Sofia Coppola,800
4700,2005-01-28,Double Jeopardy!,WHEN THEY WERE TEENS,In 1991 Heather Tom was a teen when she debuted as Victor Newman's daughter on this CBS soap opera,The Young & the Restless,1200
4700,2005-01-28,Double Jeopardy!,WHEN THEY WERE TEENS,"This ""boulder"" sized wrestler & movie star was a star football player at Freedom High School in Bethlehem, Pa.",The Rock,1600
4700,2005-01-28,Double Jeopardy!,WHEN THEY WERE TEENS,He was known as Chan Kong Sang in his native Hong Kong where he was a teenage stuntman & fight choreographer,Jackie Chan,2000
4700,2005-01-28,Double Jeopardy!,YOU HAD TO EXPECT OPERA,"We're not stringing you along: ""El Retablo de Maese Pedro"" is meant to be peformed by these toys",puppets,400
4700,2005-01-28,Double Jeopardy!,YOU HAD TO EXPECT OPERA,"At the beginning of an 1893 opera, these little tykes are sent into the woods to pick strawberries",Hansel & Gretel,800
4700,2005-01-28,Double Jeopardy!,YOU HAD TO EXPECT OPERA,"(<a href=""http://www.j-archive.com/media/2005-01-28_DJ_25.jpg"" target=""_blank"">Jimmy of the Clue Crew blows an alphorn in front of a Tyrolean chalet.</a>)  Appropriately, <a href=""http://www.j-archive.com/media/2005-01-28_DJ_25.mp3"">an alphorn call is imitated in the overture</a> to this 1829 Rossini opera",William Tell,800
4700,2005-01-28,Double Jeopardy!,YOU HAD TO EXPECT OPERA,"King Solomon is a character in ""La Reine de Saba"", an opera about the queen of this place",Sheba,1200
4700,2005-01-28,Double Jeopardy!,YOU HAD TO EXPECT OPERA,"Flosshilde is a Rhinemaiden in this composer's ""Das Rheingold""",Richard Wagner,1600
4700,2005-01-28,Final Jeopardy!,THE WORLD OF ART,"It's the room where you'll find the masterpiece that includes ""The Flood"" & ""The Creation of Eve""",the Sistine Chapel,None
4700,2005-01-28,Jeopardy!,GAME SHOWS,"The first letter ever turned by Vanna White on this game show was a ""T""",Wheel of Fortune,200
4700,2005-01-28,Jeopardy!,GAME SHOWS,You might phone a friend on this game show hosted by Meredith Vieira,Who Wants to Be a Millionaire,400
4700,2005-01-28,Jeopardy!,GAME SHOWS,"In this ""Street""-wise game show, you have to predict answers given by people on the street",Street Smarts,600
4700,2005-01-28,Jeopardy!,GAME SHOWS,9 celebrities in a tic-tac-toe-like grid help contestants score 3 in a row on this show,Hollywood Squares,800
4700,2005-01-28,Jeopardy!,GAME SHOWS,Richard Karn hosts this game show where 2 clans match wits; survey says...,Family Feud,1000
4700,2005-01-28,Jeopardy!,PHRASES THAT SELL,"""Obey your thirst"" and drink this",Sprite,200
4700,2005-01-28,Jeopardy!,PHRASES THAT SELL,"""Be all that you can be"" in this military branch",the Army,400
4700,2005-01-28,Jeopardy!,PHRASES THAT SELL,"This network says it's ""The most trusted name in news""",CNN,600
4700,2005-01-28,Jeopardy!,PHRASES THAT SELL,"This shipping company asks, ""What can Brown do for you?""",UPS,800
4700,2005-01-28,Jeopardy!,PHRASES THAT SELL,It's the popular query in Verizon's TV ads,Can you hear me now?,1000
4700,2005-01-28,Jeopardy!,"THE ""UNDER"" WORLD",Lingerie is a fancy word for it,underwear,200
4700,2005-01-28,Jeopardy!,"THE ""UNDER"" WORLD","Abolitionist ""railroad""",underground,400
4700,2005-01-28,Jeopardy!,"THE ""UNDER"" WORLD",Vegetation growing beneath the trees in a forest,underbrush,600
4700,2005-01-28,Jeopardy!,"THE ""UNDER"" WORLD",The seaward pull away from shore after a wave has broken,undertow,800
4700,2005-01-28,Jeopardy!,"THE ""UNDER"" WORLD",It means to weaken support for something or to unearth too little ore,undermine,1000
4700,2005-01-28,Jeopardy!,THE 50 STATES,"The diatonic or ""Cajun"" accordion is the official musical instrument of this state",Louisiana,200
4700,2005-01-28,Jeopardy!,THE 50 STATES,This state's famous Derby at Churchill Downs is held annually on the first Saturday of May,Kentucky,400
4700,2005-01-28,Jeopardy!,THE 50 STATES,"New Englanders refer to this state as ""Down East""",Maine,600
4700,2005-01-28,Jeopardy!,THE 50 STATES,"The name of this state comes from 2 Choctaw words that mean ""red"" & ""people""",Oklahoma,1000
4700,2005-01-28,Jeopardy!,THE 50 STATES,National Battlefield Parks include Manassas in Virginia & Kennesaw Mountain in this state,Georgia,1000
4700,2005-01-28,Jeopardy!,THE ENVIRONMENT,"This ""colorful"" & controversial activist environmental group was formed in Canada in 1971",Greenpeace,200
4700,2005-01-28,Jeopardy!,THE ENVIRONMENT,In 1970 President Nixon created this government body that sets and enforces national pollution control standards,the E.P.A.,400
4700,2005-01-28,Jeopardy!,THE ENVIRONMENT,This triatomic allotrope of oxygen protects us from the full force of harmful ultraviolet rays,ozone,600
4700,2005-01-28,Jeopardy!,THE ENVIRONMENT,"An animal fills an ecological one of these in a community, from the French for ""nest""",niche,800
4700,2005-01-28,Jeopardy!,THE ENVIRONMENT,"In June 1992 over 100 heads of state met in Rio de Janeiro for this environmental ""Summit""",the Earth Summit,1000
4700,2005-01-28,Jeopardy!,THE REVOLUTIONARY WAR,"After this early battle, Americans retreated over Charlestown Neck",The Battle of Bunker Hill (or Breed's Hill),200
4700,2005-01-28,Jeopardy!,THE REVOLUTIONARY WAR,"On the evening of April 18, 1775 Robert Newman displayed 2 lanterns in this Boston structure",the Old North Church,400
4700,2005-01-28,Jeopardy!,THE REVOLUTIONARY WAR,"In 1774 the owner of the Peggy Stewart was forced to burn his ship & its 2,000-pound cargo of this taxed item",tea,600
4700,2005-01-28,Jeopardy!,THE REVOLUTIONARY WAR,"On September 23, 1779 he & his men successfully attacked a British convoy off Flamborough Head in the North Sea",John Paul Jones,800
4700,2005-01-28,Jeopardy!,THE REVOLUTIONARY WAR,"After the defeat at Yorktown, Gen. Charles O'Hara, acting for this man, gave his sword to the Americans",Cornwallis,1000
4701,2005-01-31,Double Jeopardy!,JOCKS,"This Yankee's Hall of Fame plaque says, ""greatest drawing card in history of baseball""",Babe Ruth,400
4701,2005-01-31,Double Jeopardy!,JOCKS,"In 2004 this giant of a player was walked a record 232 times, 120 of them intentional",Barry Bonds,800
4701,2005-01-31,Double Jeopardy!,JOCKS,"On the website of this young NBA star, you can sign up for Melo Mobile wireless service",Carmelo Anthony,1200
4701,2005-01-31,Double Jeopardy!,JOCKS,Jordin Tootoo made a long trip south to Nashville & became the first NHL player of this native ancestry,Inuit (Eskimo),1600
4701,2005-01-31,Double Jeopardy!,JOCKS,"Eddie George plays this NFL position, & Ricky Williams did",running back,2000
4701,2005-01-31,Double Jeopardy!,PARTY ANIMALS,Animal symbol of the political party that convened in New York City in August 2004,the elephant,400
4701,2005-01-31,Double Jeopardy!,PARTY ANIMALS,"The short-eared type of this bird hunts by day, but many others are strictly the ""night"" type",the owl,800
4701,2005-01-31,Double Jeopardy!,PARTY ANIMALS,"This breed of setter, known in Gaelic as modder rhu or ""red dog"", is noted for its exuberance",the Irish Setter,1200
4701,2005-01-31,Double Jeopardy!,PARTY ANIMALS,"The animal most closely related to humans, it's excitable, curious & needs companionship",the chimpanzee,1600
4701,2005-01-31,Double Jeopardy!,PARTY ANIMALS,"It's not a social insect like an ant, but it follows ""social"" to describe a person who gets around",butterfly,2000
4701,2005-01-31,Double Jeopardy!,THE FOREIGN EXCHANGE STUDENT,"If you're converting dollars to bolivianos, you mean to do some spending on this continent",South America,400
4701,2005-01-31,Double Jeopardy!,THE FOREIGN EXCHANGE STUDENT,In 1995 the dollar hit a record low of 80 of this currency of a WWII opponent,the yen,1200
4701,2005-01-31,Double Jeopardy!,THE FOREIGN EXCHANGE STUDENT,Australia & this nearby country of 3.9 million people use a currency called the dollar,New Zealand,1600
4701,2005-01-31,Double Jeopardy!,THE FOREIGN EXCHANGE STUDENT,As of 2002 the Finnish markka & Austrian schilling were replaced by this,the euro,2000
4701,2005-01-31,Double Jeopardy!,THE FOREIGN EXCHANGE STUDENT,Belarus shares the name of this unit of currency with a larger neighbor,the ruble,2000
4701,2005-01-31,Double Jeopardy!,THE PROM QUEEN,The prom queen can wear this bouquet of flowers either on her wrist or pinned to her dress or purse,corsage,400
4701,2005-01-31,Double Jeopardy!,THE PROM QUEEN,"The prom queen was glad that Mrs. Marcus, her favorite teacher, acted as one of these supervisors at the dance",a chaperon,800
4701,2005-01-31,Double Jeopardy!,THE PROM QUEEN,"Appropriately, the first dance for the prom queen & king was ""Let's Get It Started"" by this hip-hop group",The Black Eyed Peas,1200
4701,2005-01-31,Double Jeopardy!,THE PROM QUEEN,"Since the prom was June 23, the queen picked this Shakespearean fairy tale as the theme",A Midsummer Night's Dream,1600
4701,2005-01-31,Double Jeopardy!,THE PROM QUEEN,"The prom queen should know that prom is short for this, a fancy word for a stroll",promenade,2000
4701,2005-01-31,Double Jeopardy!,THE SCIENCE GEEK,"As a student in Paris, this Polish-born woman lived on bread & tea but graduated first in her class in physics",Marie Curie,400
4701,2005-01-31,Double Jeopardy!,THE SCIENCE GEEK,"This German-born physicist said, ""do not worry about your difficulties in mathematics; I can assure you that mine are... greater""",Einstein,800
4701,2005-01-31,Double Jeopardy!,THE SCIENCE GEEK,He said he's lucky to have chosen theoretical physics--his work isn't affected by his degenerative disease,Stephen Hawking,1200
4701,2005-01-31,Double Jeopardy!,THE SCIENCE GEEK,"For 10 years, this German worked in his free time, inventing the internal-combustion engine named for him",(Rudolph) Diesel,1600
4701,2005-01-31,Double Jeopardy!,THE SCIENCE GEEK,A unit of measure is named for this Italian count who by age 18 had devoted himself to the study of electricity,(Alessandro) Volta,4000
4701,2005-01-31,Double Jeopardy!,THE TEENS,"It's the minimum age for our Teen Tournament (good age for a bar mitzvah, too)",13,400
4701,2005-01-31,Double Jeopardy!,THE TEENS,"When a girl turns this ""sweet"" age, it's traditional to throw her a party",16,800
4701,2005-01-31,Double Jeopardy!,THE TEENS,"The ""Just for Teens"" magazine full of stuff about the stars isn't called J-Lo, but J-this",14,1200
4701,2005-01-31,Double Jeopardy!,THE TEENS,"If you want to be Miss America, you have to be at least this old",17,1600
4701,2005-01-31,Double Jeopardy!,THE TEENS,In 2002 Prince Harry got his own coat of arms when he turned this age,18,2000
4701,2005-01-31,Final Jeopardy!,ASTRONAUTS,"Born Edwin in 1930, this Apollo astronaut legally changed his name in 1982 to his popular nickname",Buzz Aldrin,None
4701,2005-01-31,Jeopardy!,3-LETTER ANATOMY,Don't give the principal any of this mouth part that's used to form words,lip,200
4701,2005-01-31,Jeopardy!,3-LETTER ANATOMY,God took this body part from Adam to make woman,a rib,400
4701,2005-01-31,Jeopardy!,3-LETTER ANATOMY,Anyone cool knows this is a person's haunch,hip,600
4701,2005-01-31,Jeopardy!,3-LETTER ANATOMY,You'll find this body part at the center of a hurricane,an eye,800
4701,2005-01-31,Jeopardy!,3-LETTER ANATOMY,"Listen to Mark Antony, who might borrow one from a friend, Roman, or countryman",an ear,1000
4701,2005-01-31,Jeopardy!,CLASSIC SONGS,"Around 1831 Samuel Francis Smith wrote new lyrics to <a href=""http://www.j-archive.com/media/2005-01-31_J_11.mp3"">the following</a> & called it this","""My Country, 'Tis Of Thee""",200
4701,2005-01-31,Jeopardy!,CLASSIC SONGS,"<a href=""http://www.j-archive.com/media/2005-01-31_J_12.mp3"">This</a> song with a 3-word Scottish name may keep you up late one night a year","""Auld Lang Syne""",400
4701,2005-01-31,Jeopardy!,CLASSIC SONGS,"A lack of swimming skills might lead you to sing <a href=""http://www.j-archive.com/media/2005-01-31_J_13.mp3"">this</a> song","""My Bonnie Lies Over The Ocean""",600
4701,2005-01-31,Jeopardy!,CLASSIC SONGS,"<a href=""http://www.j-archive.com/media/2005-01-31_J_14.mp3"">This</a> Civil War song was penned by an American feminist & peace advocate","""The Battle Hymn Of The Republic""",800
4701,2005-01-31,Jeopardy!,CLASSIC SONGS,"This famous song of Naples is heard <a href=""http://www.j-archive.com/media/2005-01-31_J_15.mp3"">here</a>","""O Sole Mio""",1000
4701,2005-01-31,Jeopardy!,FAST FOOD NATION,Crispy Strips & Original Recipe chicken,KFC,200
4701,2005-01-31,Jeopardy!,FAST FOOD NATION,The Filet-O-Fish & Apple Dippers,McDonald's,400
4701,2005-01-31,Jeopardy!,FAST FOOD NATION,The Angus Steak Burger & The Croissan'wich,Burger King,600
4701,2005-01-31,Jeopardy!,FAST FOOD NATION,The Frosty Dairy Dessert & The Big Bacon Classic,Wendy's,800
4701,2005-01-31,Jeopardy!,FAST FOOD NATION,The Double Decker Taco & the 7-Layer Burrito,Taco Bell,1000
4701,2005-01-31,Jeopardy!,HANDY TECHNOLOGY,The Nomad Jukebox Zen Xtra is a device which plays music in this alphanumeric format,MP3,200
4701,2005-01-31,Jeopardy!,HANDY TECHNOLOGY,"""N-Gage"" with this company's cell phone, wihch is also a portable game",Nokia,400
4701,2005-01-31,Jeopardy!,HANDY TECHNOLOGY,You can feel your way around a game using the Dualshock controller for this video game console,PlayStation,600
4701,2005-01-31,Jeopardy!,HANDY TECHNOLOGY,This company that sells Dimension computers now sells a GPS system for the Axim PDAs,Dell,800
4701,2005-01-31,Jeopardy!,HANDY TECHNOLOGY,"With its Ofoto online service & Easyshare cameras, you'll never have to develop this company's film",Kodak,1000
4701,2005-01-31,Jeopardy!,LANGUAGES,Finland has 3 national languages: Finnish & this one spoken by its neighbor,Swedish,200
4701,2005-01-31,Jeopardy!,LANGUAGES,"(<a href=""http://www.j-archive.com/media/2005-01-31_J_02.jpg"" target=""_blank"">Jeff Probst, host of <i>Survivor</i>, gives the clue from Vanuatu.</a>)  The Ni-Vanuatu speak a pidgin language called Bislama.  You might tell a local, ""Me no talk-talk Bislama"", which means this",I don't speak Bislama,400
4701,2005-01-31,Jeopardy!,LANGUAGES,Wu & Hakka are among the many dialect groups of this language,Chinese,600
4701,2005-01-31,Jeopardy!,LANGUAGES,"Although Spanish is based on Latin, many of its words come from this language of the Moors",Arabic,800
4701,2005-01-31,Jeopardy!,LANGUAGES,Portuguese is spoken by more than 150 million people; 80% of them live in this country,Brazil,800
4701,2005-01-31,Jeopardy!,WORLD WAR I,"Naively, World War I was dubbed ""The War To End All"" these",Wars,200
4701,2005-01-31,Jeopardy!,WORLD WAR I,"Breaking a long stalemate in the fighting, this country entered the war in April 1917",the United States,400
4701,2005-01-31,Jeopardy!,WORLD WAR I,"This variety of coat, seen <a href=""http://www.j-archive.com/media/2005-01-31_J_08.jpg"" target=""_blank"">here</a>, bears the name of front-line fortifications used in World War I",trench coat,600
4701,2005-01-31,Jeopardy!,WORLD WAR I,Kaiser Wilhelm II was this country's leader during the war,Germany,800
4701,2005-01-31,Jeopardy!,WORLD WAR I,"In asking for a declaration of war in 1917, Pres. Wilson said, ""The world must be made safe for"" this",democracy,1000
4702,2005-02-01,Double Jeopardy!,BRAIN TEASE,"Appearing wrinkled & knotted, it's the largest part of the brain, making up about 85% of it by weight",the cerebrum,400
4702,2005-02-01,Double Jeopardy!,BRAIN TEASE,The third leading cause of death in the U.S. is this 6-letter term,stroke,800
4702,2005-02-01,Double Jeopardy!,BRAIN TEASE,Brain waves are measured using the instrument known by these 3 letters for short,E.E.G.,1200
4702,2005-02-01,Double Jeopardy!,BRAIN TEASE,Attached by a stalk to the base of the brain is this master gland which controls the others,the pituitary gland,1600
4702,2005-02-01,Double Jeopardy!,BRAIN TEASE,These brain cells that transmit nerve impulses number in the billions,neurons,2000
4702,2005-02-01,Double Jeopardy!,CANADIAN FLAGS,This province's flag depicts a setting sun over wavy blue stripes that symbolize the Pacific Ocean,British Columbia,400
4702,2005-02-01,Double Jeopardy!,CANADIAN FLAGS,This other flag is depicted on the flags of Ontario & Manitoba,the Union Jack,800
4702,2005-02-01,Double Jeopardy!,CANADIAN FLAGS,The flag of this territory includes a malamute (or is it a husky?),the Yukon Territory,1200
4702,2005-02-01,Double Jeopardy!,CANADIAN FLAGS,"The flag of this province is seen <a href=""http://www.j-archive.com/media/2005-02-01_DJ_07.jpg"" target=""_blank"">here</a>",Quebec,2000
4702,2005-02-01,Double Jeopardy!,CANADIAN FLAGS,Its flag has the royal arms of Scotland & is the reverse colors of the Scottish flag,Nova Scotia,3000
4702,2005-02-01,Double Jeopardy!,FIX THE PROVERB,All root is the evil of money,Money is the root of all evil,400
4702,2005-02-01,Double Jeopardy!,FIX THE PROVERB,That gold glitters is not all,All that glitters is not gold,800
4702,2005-02-01,Double Jeopardy!,FIX THE PROVERB,Own your canoe paddle,Paddle your own canoe,1200
4702,2005-02-01,Double Jeopardy!,FIX THE PROVERB,The best is laughter medicine,Laughter is the best medicine,1600
4702,2005-02-01,Double Jeopardy!,FIX THE PROVERB,Hear once before you speak twice,Hear twice before you speak once,2000
4702,2005-02-01,Double Jeopardy!,LINCOLN BLOGS,"After the trouble I took, Frederick Douglass tells me that most slaves haven't even heard about this proclamation",the Emancipation Proclamation,400
4702,2005-02-01,Double Jeopardy!,LINCOLN BLOGS,"<a href=""http://www.j-archive.com/media/2005-02-01_DJ_09.jpg"" target=""_blank"">Here</a> I am meeting this new Union commander for the first time",(Ulysses S.) Grant,800
4702,2005-02-01,Double Jeopardy!,LINCOLN BLOGS,"Treasury Secy. Chase just submitted this to me for the third time--guess what, pal.  This time I'm accepting it",his resignation,1600
4702,2005-02-01,Double Jeopardy!,LINCOLN BLOGS,Enjoyed my April 4 visit to this city about 90 miles from Washington; General Van Alen nags about how dangerous it was,Richmond (Virginia),1800
4702,2005-02-01,Double Jeopardy!,LINCOLN BLOGS,"The state militia system isn't cutting it, so I had to sign a bill authorizing this, also called conscription",the draft,2000
4702,2005-02-01,Double Jeopardy!,OLD NEWS,In 1989 this president vetoed a bill that would raise the minimum wage,George H. W. Bush,400
4702,2005-02-01,Double Jeopardy!,OLD NEWS,In 1980 the U.N. approved a resolution deploring this country's invasion of Afghanistan,Russia (or the USSR),800
4702,2005-02-01,Double Jeopardy!,OLD NEWS,In 1982 this country's Ayatollah Khomeini called upon the Iraqi people to overthrow Saddam Hussein,Iran,1200
4702,2005-02-01,Double Jeopardy!,OLD NEWS,In 1981 a federal judge ruled it illegal to indefinitely imprison refugees from this communist island,Cuba,1600
4702,2005-02-01,Double Jeopardy!,OLD NEWS,In 1985 Greek & Turkish community leaders failed to reach an agreement for this island's reunification,Cyprus,2000
4702,2005-02-01,Double Jeopardy!,POP SINGERS ON BROADWAY,"Frenchie Davis made news in 2003 by joining the cast of ""Rent"" after she was bounced from this TV series",American Idol,400
4702,2005-02-01,Double Jeopardy!,POP SINGERS ON BROADWAY,"You could say this singer was ""N Sync"" when he starred in ""Little Shop of Horrors"" in 2004",Joey Fatone,800
4702,2005-02-01,Double Jeopardy!,POP SINGERS ON BROADWAY,"(<a href=""http://www.j-archive.com/media/2005-02-01_DJ_24.jpg"" target=""_blank"">Sarah of the Clue Crew reports from the Gershwin Theatre: ""I'm on the Broadway set  of <i>Wicked</i>.""</a>)  In 2004, making his Broadway debut,  <a href=""http://www.j-archive.com/media/2005-02-01_DJ_24a.jpg"" target=""_blank"">this</a> New Kid played Fiyero in ""Wicked""",Joey McIntyre,1200
4702,2005-02-01,Double Jeopardy!,POP SINGERS ON BROADWAY,"This singer who's the voice of TV's ""Kim Possible"" was the beauty in ""Beauty and the Beast"" in 2004",Christy Carlson Romano,1600
4702,2005-02-01,Double Jeopardy!,POP SINGERS ON BROADWAY,R&B sensation Deborah A. Cox reigned on Broadway in 2004 as this title African princess,Aida,2000
4702,2005-02-01,Final Jeopardy!,19th CENTURY LITERATURE,"""The Pastor and His Parishioner"" is Chapter 17 of this classic novel",The Scarlet Letter,None
4702,2005-02-01,Jeopardy!,AT THE MALL,"In 2004, this ""old"" clothing store for the whole family celebrated its tenth anniversary",Old Navy,200
4702,2005-02-01,Jeopardy!,AT THE MALL,"What began as a little surf shop in Newport Beach, California is now this mall-based retailer know as PacSun for short",Pacific Sunwear,400
4702,2005-02-01,Jeopardy!,AT THE MALL,"At this bakery, take a break from shopping with a Pecanbon or its signature roll",Cinnabon,600
4702,2005-02-01,Jeopardy!,AT THE MALL,"What started as Musicland in Minnesota is now the chain selling music, videos & games under this male name",Sam Goody,800
4702,2005-02-01,Jeopardy!,AT THE MALL,"Start saving up for a video phone from this company whose store is a real ""hot spot""",T-Mobile,1000
4702,2005-02-01,Jeopardy!,BIBLICAL POLICE BLOTTER,Seems this perp was the first murderer in the Bible & to top it off he iced his own brother,Cain,200
4702,2005-02-01,Jeopardy!,BIBLICAL POLICE BLOTTER,"When Herodias' burlesque-dancing daughter said she wanted to get ahead, she meant the head of this man",John the Baptist,400
4702,2005-02-01,Jeopardy!,BIBLICAL POLICE BLOTTER,"We admire his faith, but it seems this guy almost knocked off his own son in Genesis 22",Abraham,600
4702,2005-02-01,Jeopardy!,BIBLICAL POLICE BLOTTER,"Hey, we don't make the rules; this man's wife gazed back at Sodom against orders & was turned into a pillar of salt",Lot,800
4702,2005-02-01,Jeopardy!,BIBLICAL POLICE BLOTTER,We don't have to worry about collaring Uzzah; he was killed for touching this object in violation of divine law,The Ark of the Covenant,1000
4702,2005-02-01,Jeopardy!,RECENT CINEMA,"In this 2004 film, Harry Osborn says ""Now... let's see who's behind the mask""",Spider-Man 2,200
4702,2005-02-01,Jeopardy!,RECENT CINEMA,"In a 2004 sequel, this ogre travels to meet his in-laws, King Harold & Queen Lillian",Shrek 2,400
4702,2005-02-01,Jeopardy!,RECENT CINEMA,"With the help pf Christina Applegate & James Gandolfini, Ben Affleck seeks to survive this holiday",Christmas,600
4702,2005-02-01,Jeopardy!,RECENT CINEMA,This film tells the story of the 1988 championship football season of the Permian High School Panthers,Friday Night Lights,800
4702,2005-02-01,Jeopardy!,RECENT CINEMA,"In ""Shark Tale"" this famous director provides the voice of Sykes, a puffer fish with eyebrows",Martin Scorsese,1000
4702,2005-02-01,Jeopardy!,THE LARGEST IN AREA,"Chad, China, Chile",China,200
4702,2005-02-01,Jeopardy!,THE LARGEST IN AREA,"Brazil, Botswana, Belgium",Brazil,400
4702,2005-02-01,Jeopardy!,THE LARGEST IN AREA,"Egypt, Ecuador, El Salvador",Egypt,600
4702,2005-02-01,Jeopardy!,THE LARGEST IN AREA,"Fiji, Finland, France",France,800
4702,2005-02-01,Jeopardy!,THE LARGEST IN AREA,"Japan, Jamaica, Jordan",Japan,1000
4702,2005-02-01,Jeopardy!,"TIME FOR A ""PI""","We love this winged, unclothed infant archer of mythology, the son of Venus",Cupid,200
4702,2005-02-01,Jeopardy!,"TIME FOR A ""PI""",Uh oh!  This outer nonvascular layer of your skin is showing,epidermis,400
4702,2005-02-01,Jeopardy!,"TIME FOR A ""PI""","Wealth, or a city that the official seat of government in a state",capital,600
4702,2005-02-01,Jeopardy!,"TIME FOR A ""PI""","A plant belonging to the genus Angallis, especially having scarlet flowers",pimpernel,1000
4702,2005-02-01,Jeopardy!,"TIME FOR A ""PI""","This animal's name comes from the Middle French for ""thorny pig""",porcupine,1500
4702,2005-02-01,Jeopardy!,ZOOLOGY,"This group of large, hairy spiders gets its name from a wolf spider found around Tarranto, Italy",tarantula,200
4702,2005-02-01,Jeopardy!,ZOOLOGY,"The green sea type of this swims over 1,000 miles from South America to Ascension Island, in order to breed",turtle,400
4702,2005-02-01,Jeopardy!,ZOOLOGY,Species of this ray are sometimes mistaken for sharks because the tips of their wings resemble shark fins,manta rays,600
4702,2005-02-01,Jeopardy!,ZOOLOGY,"In the scientific classification of animals, it's next in line after kingdom, phylum, class...",order,800
4702,2005-02-01,Jeopardy!,ZOOLOGY,In most toads this process of gradually developing from a tadpole into a fully formed toad takes 3-8 weeks,metamorphosis,1000
4703,2005-02-02,Double Jeopardy!,ALSO A DOG BREED,Double talk slang slang for food food,chow chow,400
4703,2005-02-02,Double Jeopardy!,ALSO A DOG BREED,"This bus company serves more than 2,200 destinations & has 16,000 daily departures across the country",Greyhound,800
4703,2005-02-02,Double Jeopardy!,ALSO A DOG BREED,This Canadian peninsula is shared by Newfoundland & Quebec,Labrador,1200
4703,2005-02-02,Double Jeopardy!,ALSO A DOG BREED,"If Gerhard Schroder guarded a flock of animals of the family bovidae, he could be considered this",a German shepherd,1800
4703,2005-02-02,Double Jeopardy!,ALSO A DOG BREED,"Gosh, that Hamlet guy by Shakespeare is just super, he's such a...",Great Dane,2000
4703,2005-02-02,Double Jeopardy!,"CALM DOWN, YOU'RE HISTORICAL!","Yang Kaihui, the first wife of this leader of China, was executed by Chinese Nationalists in 1930",Mao,400
4703,2005-02-02,Double Jeopardy!,"CALM DOWN, YOU'RE HISTORICAL!","Don't cry for her; in 1951, she was nominated for vice president of Argentina",Evita (Peron),800
4703,2005-02-02,Double Jeopardy!,"CALM DOWN, YOU'RE HISTORICAL!","On April 27, 1945 Italians captured this fascist leader trying to escape to Switzerland",Benito Mussolini,1200
4703,2005-02-02,Double Jeopardy!,"CALM DOWN, YOU'RE HISTORICAL!","The last leader of the USSR, he resigned his post on Dec. 25, 1991",Mikhail Gorbachev,1600
4703,2005-02-02,Double Jeopardy!,"CALM DOWN, YOU'RE HISTORICAL!","In 1982 this ""Iron Lady"" prime minister ordered an attack to stop Argentina from claiming the Falkland Islands",Margaret Thatcher,2000
4703,2005-02-02,Double Jeopardy!,NONPOTENT POTABLES,"This thirst quencher now combines lemon lime with strawberry: ""Is it in you?""",Gatorade,400
4703,2005-02-02,Double Jeopardy!,NONPOTENT POTABLES,This brand known for its natural grapefruit soda leaped on the energy bandwagon with Energade,Hansen's,800
4703,2005-02-02,Double Jeopardy!,NONPOTENT POTABLES,Glaceau has made drinking this even more healthy by adding vitamins,water,1200
4703,2005-02-02,Double Jeopardy!,NONPOTENT POTABLES,"Consumers named this citrus drink ""Code Red"" because its cherry rush captured it spirit",Mountain Dew,1600
4703,2005-02-02,Double Jeopardy!,NONPOTENT POTABLES,"Team Lizard rides hard for this brand's Tsunami, Lava, & Lightning",SoBe,2000
4703,2005-02-02,Double Jeopardy!,POP CULTURE,"In 2004 this Sugar Ray frontman became the co-host of ""Extra""",Mark McGrath,400
4703,2005-02-02,Double Jeopardy!,POP CULTURE,Jude Law plays the ace aviator mentioned in the title of this 2004 sci-fi film that's set in Gotham City,Sky Captain and the World of Tomorrow,800
4703,2005-02-02,Double Jeopardy!,POP CULTURE,"<a href=""http://www.j-archive.com/media/2005-02-02_DJ_04.mp3"">She</a> stole a recorder when she was 5 & could play it, the piano & violin by the time she was 10",Dido,1200
4703,2005-02-02,Double Jeopardy!,POP CULTURE,Baseball Hall-of-Famer Candy Cummings is often credited with inventing this pitch in the late 1800s,a curveball,1600
4703,2005-02-02,Double Jeopardy!,POP CULTURE,"New Jersey cartoonist Otto Messmer created this character, seen <a href=""http://www.j-archive.com/media/2005-02-02_DJ_10.jpg"" target=""_blank"">here</a>",Felix the Cat,2000
4703,2005-02-02,Double Jeopardy!,ROYAL STORY PROBLEMS,"If Marie Antoinette & her 15 siblings each want 2 pieces of cake, cut it into this many slices",32,400
4703,2005-02-02,Double Jeopardy!,ROYAL STORY PROBLEMS,"If Queen Beatrix had a potter who could make 3 vases a day, it would take him this long to make a gross",48,800
4703,2005-02-02,Double Jeopardy!,ROYAL STORY PROBLEMS,"If Haakon V had 1/4 of the herrings of Olav IV who had twice as many as Harold VI who had 600, he'd have this many",300,1600
4703,2005-02-02,Double Jeopardy!,ROYAL STORY PROBLEMS,"If Henry IV & Henry VIII travelled 4/8 of a mile from London to Windsor, their coach has gone this many feet","2,640",2000
4703,2005-02-02,Double Jeopardy!,ROYAL STORY PROBLEMS,"Otto I's ottoman is 10""x14"" & his heels take up 8 square inches, so he'd have this many sq. in. of free area",132,2000
4703,2005-02-02,Double Jeopardy!,VOCABULARY,"It can mean even all over, or an outfit worn by all the students at a school",uniform,400
4703,2005-02-02,Double Jeopardy!,VOCABULARY,"Differing by a letter, the 2 words meaning an electrically charged atom & a very long time",eon & ion,800
4703,2005-02-02,Double Jeopardy!,VOCABULARY,"Derived from the Greek word for ""space"", it means total confusion or disorder",chaos,1200
4703,2005-02-02,Double Jeopardy!,VOCABULARY,Term for one of the two times each year when day & night are of equal length,equinox,1600
4703,2005-02-02,Double Jeopardy!,VOCABULARY,"Meaning inversely related, in math it describes what 2/3 is to 3/2",reciprocal,2000
4703,2005-02-02,Final Jeopardy!,IN THE NEWS,"Launched in 2004, a spacecraft named MESSENGER is on a mission to study this planet",Mercury,None
4703,2005-02-02,Jeopardy!,"""KEY"" WORDS","The earliest authentic copy of his ""Star-Spangled Banner"" sold at public auction in 1934",Francis Scott Key,200
4703,2005-02-02,Jeopardy!,"""KEY"" WORDS","The part of a door you spy through, or the Eta Carinae nebula you might spy in the sky",a keyhole,400
4703,2005-02-02,Jeopardy!,"""KEY"" WORDS",Qwerty is a standard format for one of these,a keyboard,600
4703,2005-02-02,Jeopardy!,"""KEY"" WORDS",Democrat Zell Miller of Georgia delivered this address at the 2004 Republican National Convention,the keynote,800
4703,2005-02-02,Jeopardy!,"""KEY"" WORDS","In musical notation, it's the grouping of sharps & flats at the beginning of each staff",the key signature,1000
4703,2005-02-02,Jeopardy!,AMERICANA,"This South Dakota national memorial is also known as ""The Shrine of Democracy""",Mt. Rushmore,200
4703,2005-02-02,Jeopardy!,AMERICANA,"He wrote ""The Tell-Tale Heart"" when he lived in Philadelphia & a brick house he rented there is an historic site",Edgar Allan Poe,400
4703,2005-02-02,Jeopardy!,AMERICANA,This company makes more than 80 million kiss-shaped products every day at its chocolate factories,Hershey,600
4703,2005-02-02,Jeopardy!,AMERICANA,"On May 14, 1804 this duo's Corps of Discovery started up the Missouri on a fact-finding mission",Lewis & Clark,800
4703,2005-02-02,Jeopardy!,AMERICANA,A Chicago doctor who made orthopedic foot products gave his name to this brand of wooden-soled sandals,Dr. Scholl,1000
4703,2005-02-02,Jeopardy!,CAREER DAY,"Every P.M., I think of how I could have stayed in Canada & had this top government job abbreviated P.M.",prime minister,200
4703,2005-02-02,Jeopardy!,CAREER DAY,"Like to swim underwater?  You can train to be one of <a href=""http://www.j-archive.com/media/2005-02-02_J_19.jpg"" target=""_blank"">these</a> lovelies at Weeki Wachee Springs in Florida",a mermaid,400
4703,2005-02-02,Jeopardy!,CAREER DAY,"A Latin word for ""beasts of burden"" gave us the name of this medical specialty, a dream job for animal lovers",veterinarian,600
4703,2005-02-02,Jeopardy!,CAREER DAY,"If you make candles, you can call yourself one of these (also a character on ""Friends"")",a chandler,800
4703,2005-02-02,Jeopardy!,CAREER DAY,"You might really ""dig"" this job whose name is from the Greek for ""the study of antiquities""",an archaeologist,1000
4703,2005-02-02,Jeopardy!,POLITICAL CARICATURES,"<a href=""http://www.j-archive.com/media/2005-02-02_J_06.jpg"" target=""_blank"">He</a> was sworn into his new job in California on November 17, 2003",Arnold Schwarzenegger,200
4703,2005-02-02,Jeopardy!,POLITICAL CARICATURES,"<a href=""http://www.j-archive.com/media/2005-02-02_J_07.jpg"" target=""_blank"">He</a> beat his opponent by more than 540,000 votes, but lost the presidential election",Al Gore,400
4703,2005-02-02,Jeopardy!,POLITICAL CARICATURES,"<a href=""http://www.j-archive.com/media/2005-02-02_J_08.jpg"" target=""_blank"">She</a> served as a staff attorney for the Children's Defense Fund",Hillary Clinton,600
4703,2005-02-02,Jeopardy!,POLITICAL CARICATURES,"<a href=""http://www.j-archive.com/media/2005-02-02_J_09.jpg"" target=""_blank"">He</a> was a U.S. Attorney for Manhattan from 1983-1989",Rudy Giuliani,800
4703,2005-02-02,Jeopardy!,POLITICAL CARICATURES,"<a href=""http://www.j-archive.com/media/2005-02-02_J_10.jpg"" target=""_blank"">This governor</a> probably had a bit more pull at the White House beginning in 2001",Jeb Bush (Governor of Florida),1000
4703,2005-02-02,Jeopardy!,READ YOUR BIBLE,"Mary Magdalene wonders how she'll move this huge object from the door of Jesus' tomb, but things work out",a stone,200
4703,2005-02-02,Jeopardy!,READ YOUR BIBLE,"Andrew tells Jesus that a boy has ""five barley loaves, and two"" of these but ""what are they among so many?""",fish,400
4703,2005-02-02,Jeopardy!,READ YOUR BIBLE,"For strength to ""resist"" this, try James 1:12, ""Blessed is the man that endureth"" it",temptation,600
4703,2005-02-02,Jeopardy!,READ YOUR BIBLE,This Old Testament king's name is the first one mentioned after Jesus' in the New Testament,David,800
4703,2005-02-02,Jeopardy!,READ YOUR BIBLE,"The fifth book of the Old Testament, its name comes from a word meaning ""second""",Deuteronomy,1800
4703,2005-02-02,Jeopardy!,TV TEENS,"Tom Welling plays this teen, a future mild-mannered reporter for the Daily Planet",Clark Kent,200
4703,2005-02-02,Jeopardy!,TV TEENS,"Before attending Yale, Rory lived with her single mom & went to Chilton Prep on this show",Gilmore Girls,400
4703,2005-02-02,Jeopardy!,TV TEENS,God gets surprisingly interactive with the title teen daughter of a police detective on this drama,Joan of Arcadia,600
4703,2005-02-02,Jeopardy!,TV TEENS,Matt Camden was 16 & his sister Mary 14 when this WB show premiered in '96,7th Heaven,800
4703,2005-02-02,Jeopardy!,TV TEENS,"Bell & Peck are the real last names, respectively, of the title guys from this Nickelodeon show",Drake & Josh,1000
4704,2005-02-03,Double Jeopardy!,ANNUAL EVENTS,"Mardi Gras is the day before Lent, the period of fasting that ends on this holiday",Easter,400
4704,2005-02-03,Double Jeopardy!,ANNUAL EVENTS,October is good for explorers: Columbus Day is the 2nd Monday of the month & this Norse guy gets October 9th,Leif Ericson,800
4704,2005-02-03,Double Jeopardy!,ANNUAL EVENTS,"In the U.S., union founder Peter J. McGuire & machinist Matthew Maguire get credit for suggesting this holiday",Labor Day,1000
4704,2005-02-03,Double Jeopardy!,ANNUAL EVENTS,"Patriots' Day, a New England holiday, honors the clashes in these 2 towns on April 19, 1775",Lexington & Concord,1600
4704,2005-02-03,Double Jeopardy!,ANNUAL EVENTS,"(<a href=""http://www.j-archive.com/media/2005-02-03_DJ_17.jpg"" target=""_blank"">Hi, I'm Deuce McAllister of the NFL.</a>)  New Orleans was awarded its NFL franchise on November 1, 1966, this holiday",All Saints' Day,2000
4704,2005-02-03,Double Jeopardy!,FASHIONABLE STORES,This store with the Xhilaration & Mossimo brands jumped on Justin Timberlake & Christina Aguilera's tour,Target,400
4704,2005-02-03,Double Jeopardy!,FASHIONABLE STORES,"Swoosh into this company's ""town"" to get an Air Max Tailwind for your footsies",Nike,800
4704,2005-02-03,Double Jeopardy!,FASHIONABLE STORES,"""Jeans Will Rock You"" is a 2004 campaign by this all-""American"" store",American Eagle,1200
4704,2005-02-03,Double Jeopardy!,FASHIONABLE STORES,This chain founded as a sportswear & camping store in 1892 publishes a cool quarterly magazine,Abercrombie & Fitch,1600
4704,2005-02-03,Double Jeopardy!,FASHIONABLE STORES,"Born in 1984, this girls-only chain, voted best store in a Cosmo Girl poll, has a milestone birthday in 2005",Forever 21,2000
4704,2005-02-03,Double Jeopardy!,IT'S JUST A GAME,"In the draw type of this game, you get 5 cards from the dealer & usually can trade in up to 3 of them",poker,400
4704,2005-02-03,Double Jeopardy!,IT'S JUST A GAME,"If Dick & Jane are playing tennis on the same side of the net, the game is called this",mixed doubles,800
4704,2005-02-03,Double Jeopardy!,IT'S JUST A GAME,"""Allied Assault"" & ""Rising Sun"" are from this militaristic video game series",Medal of Honor,1200
4704,2005-02-03,Double Jeopardy!,IT'S JUST A GAME,"If a soccer defender knocks the ball out of bounds past her own goal, it's put back in play with this kick",a corner kick,1600
4704,2005-02-03,Double Jeopardy!,IT'S JUST A GAME,The board for this Asian game has 361 intersections on which black & white stones are placed,Go,2000
4704,2005-02-03,Double Jeopardy!,"STARTS & ENDS WITH ""T""","It's a special ability, perhaps drawing or playing the piano, or a biblical measure of silver or gold",a talent,400
4704,2005-02-03,Double Jeopardy!,"STARTS & ENDS WITH ""T""",Object in which you'd brew your oolong,a teapot,800
4704,2005-02-03,Double Jeopardy!,"STARTS & ENDS WITH ""T""","It's the time of day when the photo seen <a href=""http://www.j-archive.com/media/2005-02-03_DJ_10.jpg"" target=""_blank"">here</a> was taken",twilight,1200
4704,2005-02-03,Double Jeopardy!,"STARTS & ENDS WITH ""T""","If your house isn't running hot & cold, check this device that regulates the temperature",a thermostat,1600
4704,2005-02-03,Double Jeopardy!,"STARTS & ENDS WITH ""T""","It can be a piece of land, or a pamphlet usually on a religious or political topic",a tract,2000
4704,2005-02-03,Double Jeopardy!,TEENS IN BOOKS,"18-year-old Isabella Linton elopes with this antihero after Cathy spurns him in ""Wuthering Heights""",Heathcliff,400
4704,2005-02-03,Double Jeopardy!,TEENS IN BOOKS,"4 teenagers find magic in a pair of thrift-shop jeans in ""The Sisterhood of the Traveling"" these",Pants,800
4704,2005-02-03,Double Jeopardy!,TEENS IN BOOKS,The abduction of teenager David Balfour is central to the plot of this classic 1886 novel,Kidnapped,1200
4704,2005-02-03,Double Jeopardy!,TEENS IN BOOKS,"""Blood"", ""Missing"" & ""Tears"" are titles in this Francine Pascal series about a girl named Gaia",Fearless,1600
4704,2005-02-03,Double Jeopardy!,TEENS IN BOOKS,This 15-year-old Dutch skater is the title character of a classic book by Mary Mapes Dodge,Hans Brinker,2000
4704,2005-02-03,Double Jeopardy!,U.S. PRESIDENTS,"In 1831 he settled in New Salem, Illinois, where he worked as a clerk in a general store for $15 a month",(Abraham) Lincoln,400
4704,2005-02-03,Double Jeopardy!,U.S. PRESIDENTS,A George W. was the first U.S. President & George W. Bush is counted as this number,43,800
4704,2005-02-03,Double Jeopardy!,U.S. PRESIDENTS,"He was named for his maternal grandfather James Knox, a Revolutionary War captain",(James K.) Polk,1200
4704,2005-02-03,Double Jeopardy!,U.S. PRESIDENTS,"After serving one term, this first Quaker president was defeated for re-election in 1932 by FDR",(Herbert) Hoover,2000
4704,2005-02-03,Double Jeopardy!,U.S. PRESIDENTS,"His running mates were Thomas Hendricks in 1884, A.G. Thurman in 1888 & Adlai Stevenson in 1892",(Grover) Cleveland,4600
4704,2005-02-03,Final Jeopardy!,BIBLICAL NAMES,"This biblical figure's name comes from the Hebrew word meaning ""to be drawn"" from the water",Moses,None
4704,2005-02-03,Jeopardy!,DOWN ON THE FARM,"(<a href=""http://www.j-archive.com/media/2005-02-03_J_18.jpg"" target=""_blank"">Jimmy of the Clue Crew speaks from a farm.</a>)  At least once a year, my little friend here needs to have her fleece cut in a process called this",shearing,200
4704,2005-02-03,Jeopardy!,DOWN ON THE FARM,"(<a href=""http://www.j-archive.com/media/2005-02-03_J_19.jpg"" target=""_blank"">Cheryl of the Clue Crew speaks from a field.</a>)  In a boat, it means ""getting rid of water""; on a farm, it's ""tying up hay in a neat package""",bailing,400
4704,2005-02-03,Jeopardy!,DOWN ON THE FARM,"(<a href=""http://www.j-archive.com/media/2005-02-03_J_20.jpg"" target=""_blank"">Cheryl of the Clue Crew reports from a dairy barn.</a>)  Enhancing the body's absorption of calcium, this vitamin is added to processed milk; it's not significant in raw milk",Vitamin D,600
4704,2005-02-03,Jeopardy!,DOWN ON THE FARM,"(<a href=""http://www.j-archive.com/media/2005-02-03_J_21.jpg"" target=""_blank"">Jimmy of the Clue Crew reads from a grain field.</a>)  This machine gets its name from consolidating the operations of cutting, threshing, and cleaning",a combine,800
4704,2005-02-03,Jeopardy!,DOWN ON THE FARM,"(<a href=""http://www.j-archive.com/media/2005-02-03_J_22.jpg"" target=""_blank"">Jimmy of the Clue Crew rides a green tractor.</a>)  This here is a 3020--a classic tractor from this company named for the man who founded it in 1837",John Deere,1000
4704,2005-02-03,Jeopardy!,GRAMMAR,This is the verb in this clue,is,200
4704,2005-02-03,Jeopardy!,GRAMMAR,"Used to mark a major division in a sentence, it shares its name with a section of your large intestine",a colon,400
4704,2005-02-03,Jeopardy!,GRAMMAR,"In English grammar, the 2 ""voices"" are active & this",passive,600
4704,2005-02-03,Jeopardy!,GRAMMAR,"""In"", ""out"", ""on"", and ""off"" are 4 of these words usually used at the beginning of phrases",prepositions,800
4704,2005-02-03,Jeopardy!,GRAMMAR,This punctuation mark is also known as an interrogation point,a question mark,1000
4704,2005-02-03,Jeopardy!,LET THERE BE LIFE,"In most fish, they're distributed over the palate; in mammals, they're only in the jawbone",teeth,200
4704,2005-02-03,Jeopardy!,LET THERE BE LIFE,"From the Greek for ""leaf"", they're the individual parts of a flower's corolla",petals,400
4704,2005-02-03,Jeopardy!,LET THERE BE LIFE,"While looking into the internal secretion of this organ, researchers Banting & Best discovered insulin",the pancreas,600
4704,2005-02-03,Jeopardy!,LET THERE BE LIFE,"From an eyeglass-shaped pattern on its face, a South American bear is called this",a spectacled bear,1000
4704,2005-02-03,Jeopardy!,LET THERE BE LIFE,Fungi create these to reproduce & your average mushroom makes 16 billion of them,spores,2000
4704,2005-02-03,Jeopardy!,STRAIT TALK,Fata Morgana is a mirage that appears in the Strait of Messina between Italy & this island,Sicily,200
4704,2005-02-03,Jeopardy!,STRAIT TALK,"Punta Arenas, Chile overlooks the South American strait named for this explorer",Ferdinand Magellan,400
4704,2005-02-03,Jeopardy!,STRAIT TALK,This westernmost strait helps keep the Mediterranean Sea from becoming a shrinking salt lake,the Strait of Gibraltar,600
4704,2005-02-03,Jeopardy!,STRAIT TALK,You'll have to cross the Bass Strait if you want to travel from Melbourne to this Australian state,Tasmania,800
4704,2005-02-03,Jeopardy!,STRAIT TALK,It separates the continents of Asia & North America at their closest point,the Bering Strait,1000
4704,2005-02-03,Jeopardy!,TEEN CUISINE,"When parents hear this word, they think ""heavy snowstorm""; when teens hear it, they think ""yummy treat from Dairy Queen""",Blizzard,200
4704,2005-02-03,Jeopardy!,TEEN CUISINE,"Now you can carry this brand's famous pudding in your pocket, in the form of X-Treme Pudding Sticks",JELL-O,400
4704,2005-02-03,Jeopardy!,TEEN CUISINE,Kraft makes this foamy brand of dessert topping in seasonal flavors: strawberry is for spring & summer,Cool Whip,600
4704,2005-02-03,Jeopardy!,TEEN CUISINE,Smucker's recipe for sweet & sour hot dog bites calls for this classic flavor of jelly,grape,800
4704,2005-02-03,Jeopardy!,TEEN CUISINE,Bored with beef jerky?  Try the jerky made from this soybean curd,tofu,1000
4704,2005-02-03,Jeopardy!,THE SIMPSONS,"His chalkboard writings have included ""I do not have diplomatic immunity"" & ""I am not certified to remove asbestos""",Bart Simpson,200
4704,2005-02-03,Jeopardy!,THE SIMPSONS,"Episodes of this violent cat & mouse duo include ""The Sounds of Silencers"" & ""I'm Getting Buried in the Morning""",Itchy & Scratchy,400
4704,2005-02-03,Jeopardy!,THE SIMPSONS,"This clown's slogan for a literacy campaign was ""Give a hoot!  Read a book!""",Krusty the Clown,600
4704,2005-02-03,Jeopardy!,THE SIMPSONS,"Among this assistant's duties are ""Answering Mr. Burns' phone, lying to Congress, & some light typing""",Waylon Smithers,800
4704,2005-02-03,Jeopardy!,THE SIMPSONS,"Voiced by Phil Hartman, you may remember him from such films as ""Suddenly Last Supper"" & ""The Day Paul Bunyan Cried""",Troy McClure,1000
4705,2005-02-04,Double Jeopardy!,"""RIGHT""IES","Elizabeth Cady Stanton & Lucretia Mott organized the 1848 Seneca Falls Convention, which fought for these",women's rights,400
4705,2005-02-04,Double Jeopardy!,"""RIGHT""IES",It's the area of law that grants authors the exclusive privileges to their work,intellectual property rights (or copyright),800
4705,2005-02-04,Double Jeopardy!,"""RIGHT""IES","You three are examples for this ""shining"" quality, being quick-witted & intelligent",bright,1200
4705,2005-02-04,Double Jeopardy!,"""RIGHT""IES",Ionesco & Albee took center stage in this job,playwright,1600
4705,2005-02-04,Double Jeopardy!,"""RIGHT""IES",A person who builds & launches wooden sailing vessels,a shipwright,2000
4705,2005-02-04,Double Jeopardy!,"AH, FLORIDA","The seemingly relentless series of these through Florida in 2004 included Charley, Frances, Ivan & Jeanne",hurricanes,400
4705,2005-02-04,Double Jeopardy!,"AH, FLORIDA",1 of the 2 offical acquatic mammals of Florida,a manatee (or dolphin),800
4705,2005-02-04,Double Jeopardy!,"AH, FLORIDA",It's Florida's official nickname,the Sunshine State,1200
4705,2005-02-04,Double Jeopardy!,"AH, FLORIDA","The USA's first National Wildlife Refuge, Florida's Pelican Island, was established by this president in the early 20th C.",Teddy Roosevelt,1900
4705,2005-02-04,Double Jeopardy!,"AH, FLORIDA","Each June this West Florida city, home to lots of flyboys, reflects on its hisotry with the Fiesta of Five Flags",Pensacola,2000
4705,2005-02-04,Double Jeopardy!,IF SHAKESPEARE WROTE FOR THE WWE,Brutus!  You led the assassins that kill me in Act III!  That's not even halfway through my own play!  That ain't right!,(Julius) Caesar,400
4705,2005-02-04,Double Jeopardy!,IF SHAKESPEARE WROTE FOR THE WWE,Tybalt!  You took out my pal Mercutio & now I'm comin' after you!  I'll show you what a title guy can do!,Romeo,800
4705,2005-02-04,Double Jeopardy!,IF SHAKESPEARE WROTE FOR THE WWE,"Antonio!  I lend you a few bucks & you end up making me change my religion?!  I'll see you at ""Veniceslam!""",Shylock,1200
4705,2005-02-04,Double Jeopardy!,IF SHAKESPEARE WROTE FOR THE WWE,Richmond!  You!  Me! Bosworth Field!  My kingdom for a horse?  Ho 'bout a folding chair for the back of your head?!,Richard III,1600
4705,2005-02-04,Double Jeopardy!,IF SHAKESPEARE WROTE FOR THE WWE,Cassio!  Iago said you've been messing around with my wife!  You know how crazy that makes me!,Othello,2000
4705,2005-02-04,Double Jeopardy!,LEFTIES,"Born a lefty, this president governed from the right from 1981 to 1989",Ronald Reagan,400
4705,2005-02-04,Double Jeopardy!,LEFTIES,Kermit the Frog is left-handed & so was this famous creator of his,Jim Henson,800
4705,2005-02-04,Double Jeopardy!,LEFTIES,Fender's Voodoo Stratocaster tries to give righty players the sound of this legendary '60s lefty guitarist,Jimi Hendrix,1200
4705,2005-02-04,Double Jeopardy!,LEFTIES,This Renaissance artist left Florence to serve as principal engineer for the Duke of Milan's army,Leonardo da Vinci,1600
4705,2005-02-04,Double Jeopardy!,LEFTIES,This larboard British viscount won victories on the Nile & at Trafalgar against French forces,Lord Nelson,2000
4705,2005-02-04,Double Jeopardy!,PHYSICS,"Velocity is measured in meaters per second; this, abbrevieated a, is meters per second squared",acceleration,400
4705,2005-02-04,Double Jeopardy!,PHYSICS,"A plane flying at supersonic speed catches up to its own air disturbances, which form this ""sudden"" wave",a shock wave,800
4705,2005-02-04,Double Jeopardy!,PHYSICS,"(<a href=""http://www.j-archive.com/media/2005-02-04_DJ_04.jpg"" target=""_blank"">Sarah of the Clue Crew stands at a blackboard with curved mirrors depicted.</a>)  For a concave mirror this point is in front of it; for a convex mirror, behind it, and expressed as a negative number",a focal point (or focus),1200
4705,2005-02-04,Double Jeopardy!,PHYSICS,In 1896 a physicist noticed uranium darkening a photographic plate even through a screen--this phenomenon,radiation (or radioactivity),1600
4705,2005-02-04,Double Jeopardy!,PHYSICS,"Ferromagnetism, or attraction by an electrically uncharged body, is a property of this element, atomic number 26",iron,2000
4705,2005-02-04,Double Jeopardy!,WHAT TO WEAR?,A Hanes pocket T-shirt made of 100% this,cotton,400
4705,2005-02-04,Double Jeopardy!,WHAT TO WEAR?,"A pair of these, because your tuxedo pants lack belt loops",suspenders,800
4705,2005-02-04,Double Jeopardy!,WHAT TO WEAR?,"The <a href=""http://www.j-archive.com/media/2005-02-04_DJ_03.jpg"" target=""_blank"">item</a> known by this recent 6-letter noun",a hoodie,1200
4705,2005-02-04,Double Jeopardy!,WHAT TO WEAR?,"These dockers, also the service dress color officially adopted by the army in 1902",khakis,1600
4705,2005-02-04,Double Jeopardy!,WHAT TO WEAR?,A low-back dress with slingback these,shoes,2000
4705,2005-02-04,Final Jeopardy!,U.S. POLITICS,A member of this family has spoken at every Democratic National Convention since 1956,the Kennedys,None
4705,2005-02-04,Jeopardy!,FRENCH LESSONS WITH MOM,"(<a href=""http://www.j-archive.com/media/2005-02-04_J_12.jpg"" target=""_blank"">Everyone's favorite ""Mom,"" Cheryl of the Clue Crew, sitting at a counter, begs, ""Let Mom help you with your French homework.""</a>)  Let's say you're at the cafeteria and you think, this meal ""is delicious""; tell everybody, ""ce djeuner est dlicieux""",lunch,200
4705,2005-02-04,Jeopardy!,FRENCH LESSONS WITH MOM,"(<a href=""http://www.j-archive.com/media/2005-02-04_J_23.jpg"" target=""_blank"">Cheryl of the Clue Crew as ""Mom"" says, ""Okay, here's another one.""</a>)  Your friend pulls a move on a skateboard, and you say, ""tres bon, dawg""; you mean this",very good,400
4705,2005-02-04,Jeopardy!,FRENCH LESSONS WITH MOM,"(<a href=""http://www.j-archive.com/media/2005-02-04_J_24.jpg"" target=""_blank"">Cheryl of the Clue Crew as ""Mom"" gives the clue.</a>)  I know you want to talk to that girl in your homeroom.  Try this: ""Que vous tes jolie.""  You're telling her flat-out she's this",gorgeous (or cute or beautiful or pretty),600
4705,2005-02-04,Jeopardy!,FRENCH LESSONS WITH MOM,"(<a href=""http://www.j-archive.com/media/2005-02-04_J_29.jpg"" target=""_blank"">Cheryl of the Clue Crew as ""Mom"" says, ""Oh, I have another one.""</a>)  When somebody does something really gross at school, you can say, ""Oh, mon dieu"", which translates to this","Oh, my God",800
4705,2005-02-04,Jeopardy!,FRENCH LESSONS WITH MOM,"(<a href=""http://www.j-archive.com/media/2005-02-04_J_30.jpg"" target=""_blank"">Cheryl of the Clue Crew as ""Mom"" implores, ""Let's try numbers.""</a>)  If you have to be home at this time, just say ""Je dois rentre chez moi  sept heure""",seven,1000
4705,2005-02-04,Jeopardy!,IT HAPPENED ONE FEBRUARY,"On Feb. 15, 1965 Canada unfurled its new flag with this national emblem",the maple leaf,200
4705,2005-02-04,Jeopardy!,IT HAPPENED ONE FEBRUARY,"Its first session was Feb. 1, 1790; it adjourned Feb. 10, as no cases were before it",the Supreme Court,400
4705,2005-02-04,Jeopardy!,IT HAPPENED ONE FEBRUARY,"This Scottish queen was beheaded at Fotheringhay Castle on Feb. 8, 1587",Mary,600
4705,2005-02-04,Jeopardy!,IT HAPPENED ONE FEBRUARY,"An act of Feb. 12, 1873 made this 3-word Latin phrase mandatory on all U.S. coins",e pluribus unum,800
4705,2005-02-04,Jeopardy!,IT HAPPENED ONE FEBRUARY,"The most famous photo of World War II, seen <a href=""http://www.j-archive.com/media/2005-02-04_J_11.jpg"" target=""_blank"">here</a>, shows U.S. marines on Feb. 23, 1945 on this Pacific island",Iwo Jima,1000
4705,2005-02-04,Jeopardy!,MAID,"Legend has it she eloped with the Earl of Huntington, also known as Robin Hood",Maid Marion,200
4705,2005-02-04,Jeopardy!,MAID,"In this epic poem, Achilles leaves the battlefield after Agamemnon confiscates his prize of war, the maid Briseis",The Iliad,400
4705,2005-02-04,Jeopardy!,MAID,This French maid of Orleans was burned at the stake partly because she wore men's clothes,Joan of Arc,600
4705,2005-02-04,Jeopardy!,MAID,"One of the best known ""Exemplary Tales"" by this ""Don Quixote"" author is ""The Gypsy Maid""",Miguel de Cervantes,800
4705,2005-02-04,Jeopardy!,MAID,The old maid Hepzibah becomes a shopkeeper after the loss of her family's wealth in this Hawthorne novel,The House of the Seven Gables,1000
4705,2005-02-04,Jeopardy!,PUNK'D,This word for something bad or unfair is a homophone of what you do to a burrowing mammal in an arcade game,wack,200
4705,2005-02-04,Jeopardy!,PUNK'D,This 4-letter word for a journey or to stumble now means to overreact,trip,400
4705,2005-02-04,Jeopardy!,PUNK'D,"If you fail to give someone proper deference, you do this 3-letter word to them",dis,600
4705,2005-02-04,Jeopardy!,PUNK'D,"While a Betty is attractive, someone who's like this husband of Betty on ""The Flintstones"" is a dork",Barney,800
4705,2005-02-04,Jeopardy!,PUNK'D,"A tree-hugger is a nature lover; a tree this, like what Butterfly Hill did in a redwood, is an extremist",tree-sitter,1000
4705,2005-02-04,Jeopardy!,ROAD RULES,"A flashing red light means you do this, & functions like the sign of the same name",stop,200
4705,2005-02-04,Jeopardy!,ROAD RULES,"Campaigns called ""Click it or Ticket"" raised awareness about wearing these",seat belts,400
4705,2005-02-04,Jeopardy!,ROAD RULES,"The sign seen <a href=""http://www.j-archive.com/media/2005-02-04_J_20.jpg"" target=""_blank"">here</a> means that this familiar place is nearby, so drive carefully",a school,600
4705,2005-02-04,Jeopardy!,ROAD RULES,"On a 1-way street, a sign that says ""DO NOT ENTER"" is often partnered with one that has this 2-word warning on it",WRONG WAY,800
4705,2005-02-04,Jeopardy!,ROAD RULES,This road-sign word means to give the right-of-way to another driver or to a pedestrian,yield,1000
4705,2005-02-04,Jeopardy!,THE REEL WORLD,Captain Barbossa & his men attack the town of Port Royal in this high-seas adventure,Pirates of the Caribbean,200
4705,2005-02-04,Jeopardy!,THE REEL WORLD,"The title of this 2002 film refers to Orthanc, which is in Isengard, & Barad-dur, in the dark land of Mordor",(The Lord of the Rings:) The Two Towers,600
4705,2005-02-04,Jeopardy!,THE REEL WORLD,Kirsten Dunst is a world-class tennis player in this 2004 film named for a famous British tournament,Wimbledon,600
4705,2005-02-04,Jeopardy!,THE REEL WORLD,Chad Michael Murray is the modern-day Prince Charming in this 2004 film set in the San Fernando Valley,A Cinderella Story,800
4705,2005-02-04,Jeopardy!,THE REEL WORLD,"In ""The Princess Diaries 2"", Mia & her grandmother Queen Clarisse call this fictional land home sweet home",Genovia,1000
4706,2005-02-07,Double Jeopardy!,AMERICAN IDOL SONGS,"Keith Beukelaer's version of this woman's ""Like A Virgin"" moved Simon to call him maybe the world's worst singer",Madonna,400
4706,2005-02-07,Double Jeopardy!,AMERICAN IDOL SONGS,"Diana DeGarmo sang ""My Heart Will Go On"", just like her favorite female pop singer, this ""Titanic"" chanteuse",Cline Dion,800
4706,2005-02-07,Double Jeopardy!,AMERICAN IDOL SONGS,"The first concert that Justin Guarini went to was this artist & his family; on ""Idol"", Justin sang ""P.Y.T.""",Michael Jackson,1200
4706,2005-02-07,Double Jeopardy!,AMERICAN IDOL SONGS,"Fantasia gave us ""Something To Talk About"" by belting out this bluesy female guitarist's song",Bonnie Raitt,1600
4706,2005-02-07,Double Jeopardy!,AMERICAN IDOL SONGS,"Clay Aiken sang the classic song about him, ""The Knife""",Mack,2000
4706,2005-02-07,Double Jeopardy!,BLACK HISTORY MONTH,In September 2004 she made history on TV by giving a brand new car to each member of her audience,Oprah (Winfrey),400
4706,2005-02-07,Double Jeopardy!,BLACK HISTORY MONTH,Kweisi Mfume left the House of Representatives to head this civil rights organization in February 1996,the NAACP,800
4706,2005-02-07,Double Jeopardy!,BLACK HISTORY MONTH,"The army's last black regiment, the 24th infantry, was disbanded in October 1951, during this war",the Korean War,1200
4706,2005-02-07,Double Jeopardy!,BLACK HISTORY MONTH,"In May 1954, in the case of this family v. the Board of Education, segregation in school was ruled unconstitutional",Brown,1600
4706,2005-02-07,Double Jeopardy!,BLACK HISTORY MONTH,In July 1881 this famous college opened in Alabama with Booker T. Washington as its first principal,Tuskegee,2000
4706,2005-02-07,Double Jeopardy!,CATCH OF THE DAY,A large albino whale recently sighted off Australia earned comparisons to this 1851 Melville beast,Moby Dick,400
4706,2005-02-07,Double Jeopardy!,CATCH OF THE DAY,"In one of the few times it's ever been seen, a rare megamouth variety of this fish recently washed ashore in Sumatra",a shark,800
4706,2005-02-07,Double Jeopardy!,CATCH OF THE DAY,In 2004 a N.J. man pulled one of these tropical predators also called a caribe from the Delaware River,a piranha,1200
4706,2005-02-07,Double Jeopardy!,CATCH OF THE DAY,"With a razor-sharp beak & studded tentacles, a 20-foot one of these cephalopods was captured in Antarctica in 2003",a squid,1600
4706,2005-02-07,Double Jeopardy!,CATCH OF THE DAY,"Sadly, the journey ended for Keiko, one of these animals, in 2003",an orca (or killer whale),2000
4706,2005-02-07,Double Jeopardy!,OPPOSITES ATTRACT,"In grammar, it's the opposite of a suffix",a prefix,400
4706,2005-02-07,Double Jeopardy!,OPPOSITES ATTRACT,An epilogue is found at the end of a book; this opposite term is a short section at the beginning of a book,a prologue,800
4706,2005-02-07,Double Jeopardy!,OPPOSITES ATTRACT,"The opposite of deride isn't dewalk but this, the title of an Aretha Franklin C-L-A-S-S-I-C",respect,1200
4706,2005-02-07,Double Jeopardy!,OPPOSITES ATTRACT,"Give yourself credit for knowing that to an accountant, this is the opposite of a credit",a debit,1600
4706,2005-02-07,Double Jeopardy!,OPPOSITES ATTRACT,Oil that's been processed for use is called refined; unrefined oil right out of the ground is called this,crude,2000
4706,2005-02-07,Double Jeopardy!,TEXT MESSAGING,"In this classic by Louisa May Alcott, Mrs. March got a letter addressed to ""My precious Marmee"" from her ""Topsy-turvy Jo""",Little Women,400
4706,2005-02-07,Double Jeopardy!,TEXT MESSAGING,"Van Helsing writes to Mrs. Harker to send her ""sad news of Miss Lucy Westerna's death"" in this spooky novel",Dracula,800
4706,2005-02-07,Double Jeopardy!,TEXT MESSAGING,Madame Defarge knits a list in code to condemn the aristocracy in this Dickens tale,A Tale of Two Cities,1200
4706,2005-02-07,Double Jeopardy!,TEXT MESSAGING,"Christian gives Roxane a letter saying he loves her ""beyond measure""; this title character actually wrote it",Cyrano de Bergerac,1400
4706,2005-02-07,Double Jeopardy!,TEXT MESSAGING,"A guide book whose cover says ""Don't Panic"" gives this Douglas Adams sci-fi novel its title",The Hitchhiker's Guide to the Galaxy,1600
4706,2005-02-07,Double Jeopardy!,WORLD TRAVEL,You can see snakes being milked for venom at the Red Cross snake farm in this capital of Thailand,Bangkok,400
4706,2005-02-07,Double Jeopardy!,WORLD TRAVEL,"Visit Ashgabat, Turkmenistan & you'll find that it's the sister city of this largest town in New Mexico",Albuquerque,800
4706,2005-02-07,Double Jeopardy!,WORLD TRAVEL,"You might hire a mule to help you trek to the top of Mount Aconcagua, the higest peak on this continent",South America,1600
4706,2005-02-07,Double Jeopardy!,WORLD TRAVEL,"You'll find the beautiful Butchart Gardens 14 miles north of this city, the ""queen"" of British Columbia",Victoria,1600
4706,2005-02-07,Double Jeopardy!,WORLD TRAVEL,"Bubbling mud pools, erupting geysers, & Maori song & dance will delight you at Whakarewarewa in this country",New Zealand,2000
4706,2005-02-07,Final Jeopardy!,THE ELEMENTS,"By weight, this element makes up more of the human body than all the others combined",oxygen,None
4706,2005-02-07,Jeopardy!,BOTANY,Growers of this pitted red pie fruit plant mulberry trees near their orchards to entice birds away,cherries,200
4706,2005-02-07,Jeopardy!,BOTANY,"(<a href=""http://www.j-archive.com/media/2005-02-07_J_09.jpg"" target=""_blank"">Cheryl of the Clue Crew reports from a ski slope.</a>)  The bristlecone variety of <a href=""http://www.j-archive.com/media/2005-02-07_J_09a.jpg"" target=""_blank"">this tree</a> is the oldest type of living tree in the U.S., and can live 4,000 years or more",a pine,400
4706,2005-02-07,Jeopardy!,BOTANY,"His garden at Altbrunn Monastery included several pairs of yellow peas, each with a different trait",(Gregor) Mendel,800
4706,2005-02-07,Jeopardy!,BOTANY,"Maidenhair, Bracken, & Boston are species of this spore-bearing plant",a fern,800
4706,2005-02-07,Jeopardy!,BOTANY,"Flowering plants range in size from the duckweed at 1/50"" long to this Australian gum tree that reaches 300 feet in height",a eucalyptus tree,1000
4706,2005-02-07,Jeopardy!,CLEAN 4-LETTER WORDS,"The bird that found land for Noah, or the soap that's 1/4 moisturizing lotion",Dove,200
4706,2005-02-07,Jeopardy!,CLEAN 4-LETTER WORDS,"The first appearance of daylight, or the dishwashing detergent that's tough on grease",Dawn,400
4706,2005-02-07,Jeopardy!,CLEAN 4-LETTER WORDS,"How you feel when you're happy, or the joy of putting trash in this product's garbage bags, the first plastic ones sold",Glad,600
4706,2005-02-07,Jeopardy!,CLEAN 4-LETTER WORDS,"The rise & fall of the ocean water, or a detergent that has cleaned clothes for more than 50 years",Tide,800
4706,2005-02-07,Jeopardy!,CLEAN 4-LETTER WORDS,"The knob on a radio, or the antibacterial soap you'd use on your hands if the knob was dirty",Dial,1000
4706,2005-02-07,Jeopardy!,GUM,Its campaign using twins dates back to the 1930s,Doublemint,200
4706,2005-02-07,Jeopardy!,GUM,Walter Deimer only had this color of food dye on hand when he created his bubble gum,pink,400
4706,2005-02-07,Jeopardy!,GUM,"It calls itself ""America's No. 1 Cinnamon Gum""",Big Red,600
4706,2005-02-07,Jeopardy!,GUM,Recent ads for this gum have offered reasons why the fifth dentist didn't recommend sugarless gum,Trident,800
4706,2005-02-07,Jeopardy!,GUM,The name of this gum brand sounds like a hard tissue found in teeth,Dentyne,1000
4706,2005-02-07,Jeopardy!,MAKES SCENTS TO ME!,"Perfect for Valentine's Day, Fiorucci Loves You comes in a bottle shaped like one of these pierced with an arrow",a heart,200
4706,2005-02-07,Jeopardy!,MAKES SCENTS TO ME!,Stacked Style makes 2 fragrances that rhyme: Razzle & this one,Dazzle,400
4706,2005-02-07,Jeopardy!,MAKES SCENTS TO ME!,"Dolce & Gabbana's light blue perfume smells like bluebell, bamboo & the Granny Smith type of this",apple,600
4706,2005-02-07,Jeopardy!,MAKES SCENTS TO ME!,Taste is this singer's own personal fragrance creation for her Dessert Beauty line,Jessica Simpson,800
4706,2005-02-07,Jeopardy!,MAKES SCENTS TO ME!,"Bottles of <a href=""http://www.j-archive.com/media/2005-02-07_J_14.jpg"" target=""_blank"">this</a> company's Brit perfume feature its famous plaid pattern",Burberry,1000
4706,2005-02-07,Jeopardy!,NEWSPAPER COMICS,"Linus, the insecure boy seen <a href=""http://www.j-archive.com/media/2005-02-07_J_18.jpg"" target=""_blank"">here</a>, is found in this comic strip",Peanuts,200
4706,2005-02-07,Jeopardy!,NEWSPAPER COMICS,"This ""Horrible"" Viking of the comics has a son named Hamlet & a daughter named Honi",Hagar the Horrible,400
4706,2005-02-07,Jeopardy!,NEWSPAPER COMICS,"Don't laugh--he's the long-term adversary of Batman, seen <a href=""http://www.j-archive.com/media/2005-02-07_J_20.jpg"" target=""_blank"">here</a>",The Joker,600
4706,2005-02-07,Jeopardy!,NEWSPAPER COMICS,"They're the devilish duo of the funny pages seen <a href=""http://www.j-archive.com/media/2005-02-07_J_26.jpg"" target=""_blank"">here</a>",Calvin and Hobbes,800
4706,2005-02-07,Jeopardy!,NEWSPAPER COMICS,"Ack!  He's the health-challenged pussy and friend of Opus seen <a href=""http://www.j-archive.com/media/2005-02-07_J_30.jpg"" target=""_blank"">here</a>",Bill the Cat,1000
4706,2005-02-07,Jeopardy!,THE LAST KING,"Called the ""Citizen King"", Louis Philippe was the last king of this country",France,200
4706,2005-02-07,Jeopardy!,THE LAST KING,Kalakaua was the last king of what is now this U.S. state,Hawaii,400
4706,2005-02-07,Jeopardy!,THE LAST KING,"Leaving the throne in 1910, Manuel II was the last king of this European country",Portugal,600
4706,2005-02-07,Jeopardy!,THE LAST KING,"Victor Emmanuel II didn't mind being the last king of this ""fishy"" Italian island; he got to be the first king of Italy",Sardinia,800
4706,2005-02-07,Jeopardy!,THE LAST KING,"The last king of Greece shared this name with a ""Great"" Christian Roman Emperor",Constantine,1000
4707,2005-02-08,Double Jeopardy!,COLLEGE TOWNS,University of Pennsylvania,Philadelphia,400
4707,2005-02-08,Double Jeopardy!,COLLEGE TOWNS,The Ohio State University,Columbus,800
4707,2005-02-08,Double Jeopardy!,COLLEGE TOWNS,University of Michigan,Ann Arbor,1200
4707,2005-02-08,Double Jeopardy!,COLLEGE TOWNS,University of Colorado,Boulder,1600
4707,2005-02-08,Double Jeopardy!,COLLEGE TOWNS,Johns Hopkins University,Baltimore,2000
4707,2005-02-08,Double Jeopardy!,INTERNATIONAL SPORTS STARS,Matt Burke played fullback for the Qantas Wallabies in the Australian League of this sport similar to football,rugby,400
4707,2005-02-08,Double Jeopardy!,INTERNATIONAL SPORTS STARS,"Seen <a href=""http://www.j-archive.com/media/2005-02-08_DJ_04.jpg"" target=""_blank"">here</a>, this young Russian-born tennis star has been turning heads and winning tournaments",Maria Sharapova,800
4707,2005-02-08,Double Jeopardy!,INTERNATIONAL SPORTS STARS,Hu Jia & Peng Bo are Olympic stars for China in this sport that features springboard & platform,diving,1200
4707,2005-02-08,Double Jeopardy!,INTERNATIONAL SPORTS STARS,"Jan Ulrich, a German standout in this sport, has been nicknamed ""Der Tourminator""",cycling,1600
4707,2005-02-08,Double Jeopardy!,INTERNATIONAL SPORTS STARS,"Led by top player Chaminda Vaas, Sri Lanka has a powerful team in this sport that uses bats, balls, wickets & stumps",cricket,2000
4707,2005-02-08,Double Jeopardy!,PENINSULAS,Israeli troops occupied this peninsula from 1967 to 1982,the Sinai,400
4707,2005-02-08,Double Jeopardy!,PENINSULAS,The Seward Peninsula is on the western part of this state,Alaska,800
4707,2005-02-08,Double Jeopardy!,PENINSULAS,This peninsula is made up of Spain & Portugal,the Iberian Peninsula,1200
4707,2005-02-08,Double Jeopardy!,PENINSULAS,"Qatar, Kuwait, & Yemen are all on this peninsula",the Arabian Peninsula,1600
4707,2005-02-08,Double Jeopardy!,PENINSULAS,The Apennines form the backbone of this European nation,Italy,2600
4707,2005-02-08,Double Jeopardy!,SYNONYMS,"""Supposing"" can mean the same as this 2-letter conjunction",if,400
4707,2005-02-08,Double Jeopardy!,SYNONYMS,"This synonym of ""coarse"" is an area of a golf course",rough,800
4707,2005-02-08,Double Jeopardy!,SYNONYMS,"This word can mean ""now"" or ""a gift""",present,1200
4707,2005-02-08,Double Jeopardy!,SYNONYMS,"Directional word that's a synonym for ""to gulp"" or ""to swallow""",to down,1600
4707,2005-02-08,Double Jeopardy!,SYNONYMS,"We dig this word, a synonym of ""trench"" & ""abandon""",ditch,2000
4707,2005-02-08,Double Jeopardy!,THROUGH THE LOOKING-GLASS,The White Queen has a really baaaaaaaad day when she starts bleating & turns into one of these,a sheep,400
4707,2005-02-08,Double Jeopardy!,THROUGH THE LOOKING-GLASS,This egghead egg-splains that the beautiful cravat he's wearing was an un-birthday present,Humpty Dumpty,800
4707,2005-02-08,Double Jeopardy!,THROUGH THE LOOKING-GLASS,"These two chubby little men resent Alice staring at them: ""If you think we're wax-works, you ought to pay, you know""",Tweedledum & Tweedledee,1200
4707,2005-02-08,Double Jeopardy!,THROUGH THE LOOKING-GLASS,"This single-horned beast is stunned to meet Alice because he always thought children were ""fabulous monsters""",a unicorn,1600
4707,2005-02-08,Double Jeopardy!,THROUGH THE LOOKING-GLASS,This feline flower tells Alice most flowers don't talk because their beds are too soft & they're always asleep,the Tiger Lily,2000
4707,2005-02-08,Double Jeopardy!,UNIVERSAL TRUTH,Telescopes detected Big Bang remnants as this type of radiation; we use it to cook a hot dog in a minute,microwave,400
4707,2005-02-08,Double Jeopardy!,UNIVERSAL TRUTH,This Pole's sun-centered universe theory explained why Mars appeared to move backwards across the sky,Copernicus,800
4707,2005-02-08,Double Jeopardy!,UNIVERSAL TRUTH,"Observations from this, launched in 1990, revealed galaxies older than astronomers expected",the Hubble (Space) Telescope,1400
4707,2005-02-08,Double Jeopardy!,UNIVERSAL TRUTH,"Galaxies are grouped in to regions called this, like the tungsten conductor in a lightbulb",filaments,1600
4707,2005-02-08,Double Jeopardy!,UNIVERSAL TRUTH,"Discovery of this colorful ""shift"" led to the conclusion that the universe was expanding",the redshift,2000
4707,2005-02-08,Final Jeopardy!,U.S. GOVERNMENT,"(<a href=""http://www.j-archive.com/media/2005-02-08_FJ.jpg"" target=""_blank"">Hi, I'm John McCain.</a>)  In presidential succession, the senator holding this position follows the VP & the Speaker of the House",president pro tempore,None
4707,2005-02-08,Jeopardy!,ACADEMIC PENTATHLON,"Social Studies: This document was first read publicly on July 8, 1776",the Declaration of Independence,200
4707,2005-02-08,Jeopardy!,ACADEMIC PENTATHLON,"(<a href=""http://www.j-archive.com/media/2005-02-08_J_23.jpg"" target=""_blank"">Cheryl of the Clue Crew points to a pair of polynomial expressions on a chalkboard.</a>)  Math: It's what the lower expression is to the expression on the top",its square,400
4707,2005-02-08,Jeopardy!,ACADEMIC PENTATHLON,Economics: Total reliance on the market with no government intervention has this French name,laissez-faire,600
4707,2005-02-08,Jeopardy!,ACADEMIC PENTATHLON,"(<a href=""http://www.j-archive.com/media/2005-02-08_J_25.jpg"" target=""_blank"">Jimmy of the Clue Crew points out a chemical equation on a chalkboard.</a>)  Science: A neutralization reaction which forms water & this compound",salt,800
4707,2005-02-08,Jeopardy!,ACADEMIC PENTATHLON,"Art: ""Madonna"" & this masterpiece by Edvard Munch were stole in broad daylight in 2004",The Scream,1000
4707,2005-02-08,Jeopardy!,ADD A LETTER,The slip of paper needed for entry into an event; add a letter & it's this dense growth of bushes,ticket & thicket,200
4707,2005-02-08,Jeopardy!,ADD A LETTER,"To go after wild game; add a letter to get this ""ghostly"" verb",hunt & haunt,400
4707,2005-02-08,Jeopardy!,ADD A LETTER,Logs fastened together for floating on water; add a letter to conjure up this current of air,raft & draft,600
4707,2005-02-08,Jeopardy!,ADD A LETTER,To go over a subject again; add a letter & get this advance movie screening,review & preview,800
4707,2005-02-08,Jeopardy!,ADD A LETTER,To cut or chop; add a letter to build this lowly dwelling,hack & shack,1000
4707,2005-02-08,Jeopardy!,HOOSIER DADDY,"As a weatherman, this late night talk show host congratulated a tropical storm on being upgraded to a hurricane",Dave Letterman,200
4707,2005-02-08,Jeopardy!,HOOSIER DADDY,In college this food magnate concentrated on popcorn breeding techniques,Orville Redenbacher,400
4707,2005-02-08,Jeopardy!,HOOSIER DADDY,This French Lick fave starred for Indiana State and coached the Indiana Pacers to the playoffs,Larry Bird,600
4707,2005-02-08,Jeopardy!,HOOSIER DADDY,"He served in Congress for Indiana when he was 29, the Senate at 33 & VP for George Bush when he was 41",(Dan) Quayle,800
4707,2005-02-08,Jeopardy!,HOOSIER DADDY,"Indianan who on July 21, 1961 became the 2nd American in space & in 1965 flew in the first manned Gemini flight",Gus Grissom,1000
4707,2005-02-08,Jeopardy!,MAKEUP TEST,Space aliens must love the Rocket City lip duo called Take Me to Your this,Leader,200
4707,2005-02-08,Jeopardy!,MAKEUP TEST,"Of Pinkie Swear, Purple Fox or Peachy Keen, the cosmetics line created with teenage girls in mind",Pinkie Swear,400
4707,2005-02-08,Jeopardy!,MAKEUP TEST,Mmm!  Urban Decay makes a body shimmer powder that smells & tastes like this campfire treat,a roasted marshmallow,600
4707,2005-02-08,Jeopardy!,MAKEUP TEST,Sephora's Arch It kit for these includes stencils to make them look natural or dramatic,eyebrows,800
4707,2005-02-08,Jeopardy!,MAKEUP TEST,Hard Candy's Glitter Lash Freak type of this has shards of silver micro glitter,mascara,1000
4707,2005-02-08,Jeopardy!,NATURE,"This easy-to-grow state flower of Kansas can measure a foot across & produce nearly 1,000 seeds",the sunflower,200
4707,2005-02-08,Jeopardy!,NATURE,"This animal seen <a href=""http://www.j-archive.com/media/2005-02-08_J_09.jpg"" target=""_blank"">here</a> spends most of its time underground digging for earthworms",a mole,400
4707,2005-02-08,Jeopardy!,NATURE,The basilik known for its ability to walk on water is a type of this creature,a lizard,600
4707,2005-02-08,Jeopardy!,NATURE,"It's the alliterative term for coal, oil & natural gas made from the remains of living organisms",fossil fuels,600
4707,2005-02-08,Jeopardy!,NATURE,"When young, this sponge gourd, seen <a href=""http://www.j-archive.com/media/2005-02-08_J_12.jpg"" target=""_blank"">here</a>, can be eaten like squash; when old & dry it can scrub your body",a loofah,1000
4707,2005-02-08,Jeopardy!,TEEN PEOPLE,"These cover girls of the issue turned 18 on June 13, 2004",Mary-Kate & Ashley Olsen,200
4707,2005-02-08,Jeopardy!,TEEN PEOPLE,"Extreme weather in a 2004 blockbuster film didn't damage <a href=""http://www.j-archive.com/media/2005-02-08_J_14.jpg"" target=""_blank"">his</a> looks",Jake Gyllenhaal,400
4707,2005-02-08,Jeopardy!,TEEN PEOPLE,"4 stars of this Fox drama shared a spot (we think the one who plays Seth is funny-looking, but whatever)",The O.C.,600
4707,2005-02-08,Jeopardy!,TEEN PEOPLE,William Shakespeare would have stayed in Stratford if he had a wife like her,Anne Hathaway,800
4707,2005-02-08,Jeopardy!,TEEN PEOPLE,"Following Nelly, Chingy is the latest big star out of this city's rap scene",St. Louis,1000
